<annotation>
	<folder></folder>
	<filename>KakaoTalk_20210714_204336595_04_jpg.rf.592328180f0e938eaf9f4969334fc3a5.jpg</filename>
	<path>KakaoTalk_20210714_204336595_04_jpg.rf.592328180f0e938eaf9f4969334fc3a5.jpg</path>
	<source>
		<database>roboflow.ai</database>
	</source>
	<size>
		<width>416</width>
		<height>416</height>
		<depth>3</depth>
	</size>
	<segmented>0</segmented>
	<object>
		<name>3</name>
		<pose>Unspecified</pose>
		<truncated>0</truncated>
		<difficult>0</difficult>
		<occluded>0</occluded>
		<bndbox>
			<xmin>1</xmin>
			<xmax>417</xmax>
			<ymin>5</ymin>
			<ymax>411</ymax>
		</bndbox>
	</object>
</annotation>
