<annotation>
	<folder></folder>
	<filename>KakaoTalk_20210714_204336595_03_jpg.rf.f73d694058fcc78aed2e8023d979469f.jpg</filename>
	<path>KakaoTalk_20210714_204336595_03_jpg.rf.f73d694058fcc78aed2e8023d979469f.jpg</path>
	<source>
		<database>roboflow.ai</database>
	</source>
	<size>
		<width>416</width>
		<height>416</height>
		<depth>3</depth>
	</size>
	<segmented>0</segmented>
	<object>
		<name>3</name>
		<pose>Unspecified</pose>
		<truncated>0</truncated>
		<difficult>0</difficult>
		<occluded>0</occluded>
		<bndbox>
			<xmin>3</xmin>
			<xmax>416</xmax>
			<ymin>6</ymin>
			<ymax>416</ymax>
		</bndbox>
	</object>
</annotation>
