<annotation>
	<folder></folder>
	<filename>KakaoTalk_20210714_204336595_08_jpg.rf.2263c535c0eb75fc9c4eaf02a272382f.jpg</filename>
	<path>KakaoTalk_20210714_204336595_08_jpg.rf.2263c535c0eb75fc9c4eaf02a272382f.jpg</path>
	<source>
		<database>roboflow.ai</database>
	</source>
	<size>
		<width>416</width>
		<height>416</height>
		<depth>3</depth>
	</size>
	<segmented>0</segmented>
	<object>
		<name>3</name>
		<pose>Unspecified</pose>
		<truncated>0</truncated>
		<difficult>0</difficult>
		<occluded>0</occluded>
		<bndbox>
			<xmin>2</xmin>
			<xmax>362</xmax>
			<ymin>9</ymin>
			<ymax>360</ymax>
		</bndbox>
	</object>
</annotation>
