<annotation>
	<folder></folder>
	<filename>KakaoTalk_20210714_204336595_13_jpg.rf.0a44b30bda51edbf4301f9c0be5520bb.jpg</filename>
	<path>KakaoTalk_20210714_204336595_13_jpg.rf.0a44b30bda51edbf4301f9c0be5520bb.jpg</path>
	<source>
		<database>roboflow.ai</database>
	</source>
	<size>
		<width>416</width>
		<height>416</height>
		<depth>3</depth>
	</size>
	<segmented>0</segmented>
	<object>
		<name>3</name>
		<pose>Unspecified</pose>
		<truncated>0</truncated>
		<difficult>0</difficult>
		<occluded>0</occluded>
		<bndbox>
			<xmin>62</xmin>
			<xmax>416</xmax>
			<ymin>11</ymin>
			<ymax>380</ymax>
		</bndbox>
	</object>
</annotation>
