<annotation>
	<folder></folder>
	<filename>KakaoTalk_20210714_204336595_21_jpg.rf.e3a1fab51bfbd8c87bd3c06a80142b14.jpg</filename>
	<path>KakaoTalk_20210714_204336595_21_jpg.rf.e3a1fab51bfbd8c87bd3c06a80142b14.jpg</path>
	<source>
		<database>roboflow.ai</database>
	</source>
	<size>
		<width>416</width>
		<height>416</height>
		<depth>3</depth>
	</size>
	<segmented>0</segmented>
	<object>
		<name>3</name>
		<pose>Unspecified</pose>
		<truncated>0</truncated>
		<difficult>0</difficult>
		<occluded>0</occluded>
		<bndbox>
			<xmin>1</xmin>
			<xmax>416</xmax>
			<ymin>1</ymin>
			<ymax>416</ymax>
		</bndbox>
	</object>
</annotation>
