<annotation>
	<folder></folder>
	<filename>KakaoTalk_20210714_204336595_01_jpg.rf.d028ba31ec83e1aa8e12d3276dcda66a.jpg</filename>
	<path>KakaoTalk_20210714_204336595_01_jpg.rf.d028ba31ec83e1aa8e12d3276dcda66a.jpg</path>
	<source>
		<database>roboflow.ai</database>
	</source>
	<size>
		<width>416</width>
		<height>416</height>
		<depth>3</depth>
	</size>
	<segmented>0</segmented>
	<object>
		<name>3</name>
		<pose>Unspecified</pose>
		<truncated>0</truncated>
		<difficult>0</difficult>
		<occluded>0</occluded>
		<bndbox>
			<xmin>64</xmin>
			<xmax>343</xmax>
			<ymin>22</ymin>
			<ymax>303</ymax>
		</bndbox>
	</object>
</annotation>
