<annotation>
	<folder></folder>
	<filename>KakaoTalk_20210714_204336595_11_jpg.rf.75e6ed9cf7f4068d7ebed2887ef8e98e.jpg</filename>
	<path>KakaoTalk_20210714_204336595_11_jpg.rf.75e6ed9cf7f4068d7ebed2887ef8e98e.jpg</path>
	<source>
		<database>roboflow.ai</database>
	</source>
	<size>
		<width>416</width>
		<height>416</height>
		<depth>3</depth>
	</size>
	<segmented>0</segmented>
	<object>
		<name>3</name>
		<pose>Unspecified</pose>
		<truncated>0</truncated>
		<difficult>0</difficult>
		<occluded>0</occluded>
		<bndbox>
			<xmin>12</xmin>
			<xmax>415</xmax>
			<ymin>29</ymin>
			<ymax>407</ymax>
		</bndbox>
	</object>
</annotation>
