<annotation>
	<folder></folder>
	<filename>KakaoTalk_20210714_204336595_15_jpg.rf.3e3579ce18bfdfd151e55d0fb14bdf77.jpg</filename>
	<path>KakaoTalk_20210714_204336595_15_jpg.rf.3e3579ce18bfdfd151e55d0fb14bdf77.jpg</path>
	<source>
		<database>roboflow.ai</database>
	</source>
	<size>
		<width>416</width>
		<height>416</height>
		<depth>3</depth>
	</size>
	<segmented>0</segmented>
	<object>
		<name>3</name>
		<pose>Unspecified</pose>
		<truncated>0</truncated>
		<difficult>0</difficult>
		<occluded>0</occluded>
		<bndbox>
			<xmin>89</xmin>
			<xmax>407</xmax>
			<ymin>7</ymin>
			<ymax>308</ymax>
		</bndbox>
	</object>
</annotation>
