<annotation>
	<folder></folder>
	<filename>KakaoTalk_20210714_204336595_02_jpg.rf.32cb4ac5855392064f15b86c403544a5.jpg</filename>
	<path>KakaoTalk_20210714_204336595_02_jpg.rf.32cb4ac5855392064f15b86c403544a5.jpg</path>
	<source>
		<database>roboflow.ai</database>
	</source>
	<size>
		<width>416</width>
		<height>416</height>
		<depth>3</depth>
	</size>
	<segmented>0</segmented>
	<object>
		<name>3</name>
		<pose>Unspecified</pose>
		<truncated>0</truncated>
		<difficult>0</difficult>
		<occluded>0</occluded>
		<bndbox>
			<xmin>182</xmin>
			<xmax>417</xmax>
			<ymin>78</ymin>
			<ymax>339</ymax>
		</bndbox>
	</object>
</annotation>
