<annotation>
	<folder></folder>
	<filename>KakaoTalk_20210714_204336595_jpg.rf.053056f5335a4663aac6d66731d8aea1.jpg</filename>
	<path>KakaoTalk_20210714_204336595_jpg.rf.053056f5335a4663aac6d66731d8aea1.jpg</path>
	<source>
		<database>roboflow.ai</database>
	</source>
	<size>
		<width>416</width>
		<height>416</height>
		<depth>3</depth>
	</size>
	<segmented>0</segmented>
	<object>
		<name>3</name>
		<pose>Unspecified</pose>
		<truncated>0</truncated>
		<difficult>0</difficult>
		<occluded>0</occluded>
		<bndbox>
			<xmin>69</xmin>
			<xmax>242</xmax>
			<ymin>128</ymin>
			<ymax>303</ymax>
		</bndbox>
	</object>
</annotation>
