<annotation>
	<folder></folder>
	<filename>KakaoTalk_20210714_204336595_12_jpg.rf.c4fdc8320055fdfad5cc050e3e21d860.jpg</filename>
	<path>KakaoTalk_20210714_204336595_12_jpg.rf.c4fdc8320055fdfad5cc050e3e21d860.jpg</path>
	<source>
		<database>roboflow.ai</database>
	</source>
	<size>
		<width>416</width>
		<height>416</height>
		<depth>3</depth>
	</size>
	<segmented>0</segmented>
	<object>
		<name>3</name>
		<pose>Unspecified</pose>
		<truncated>0</truncated>
		<difficult>0</difficult>
		<occluded>0</occluded>
		<bndbox>
			<xmin>2</xmin>
			<xmax>416</xmax>
			<ymin>3</ymin>
			<ymax>416</ymax>
		</bndbox>
	</object>
</annotation>
