<annotation>
	<folder></folder>
	<filename>KakaoTalk_20210714_204336595_14_jpg.rf.c26044ca40731342514f44724084b094.jpg</filename>
	<path>KakaoTalk_20210714_204336595_14_jpg.rf.c26044ca40731342514f44724084b094.jpg</path>
	<source>
		<database>roboflow.ai</database>
	</source>
	<size>
		<width>416</width>
		<height>416</height>
		<depth>3</depth>
	</size>
	<segmented>0</segmented>
	<object>
		<name>3</name>
		<pose>Unspecified</pose>
		<truncated>0</truncated>
		<difficult>0</difficult>
		<occluded>0</occluded>
		<bndbox>
			<xmin>3</xmin>
			<xmax>416</xmax>
			<ymin>6</ymin>
			<ymax>363</ymax>
		</bndbox>
	</object>
</annotation>
