<annotation>
	<folder></folder>
	<filename>KakaoTalk_20210714_204336595_06_jpg.rf.3e6daa33738be0389a5c89b0bdd2b6e4.jpg</filename>
	<path>KakaoTalk_20210714_204336595_06_jpg.rf.3e6daa33738be0389a5c89b0bdd2b6e4.jpg</path>
	<source>
		<database>roboflow.ai</database>
	</source>
	<size>
		<width>416</width>
		<height>416</height>
		<depth>3</depth>
	</size>
	<segmented>0</segmented>
	<object>
		<name>3</name>
		<pose>Unspecified</pose>
		<truncated>0</truncated>
		<difficult>0</difficult>
		<occluded>0</occluded>
		<bndbox>
			<xmin>3</xmin>
			<xmax>346</xmax>
			<ymin>11</ymin>
			<ymax>296</ymax>
		</bndbox>
	</object>
</annotation>
