<annotation>
	<folder></folder>
	<filename>KakaoTalk_20210712_174315930_03_jpg.rf.d6e492e9207494ec0ba7c25925f8a664.jpg</filename>
	<path>KakaoTalk_20210712_174315930_03_jpg.rf.d6e492e9207494ec0ba7c25925f8a664.jpg</path>
	<source>
		<database>roboflow.ai</database>
	</source>
	<size>
		<width>416</width>
		<height>416</height>
		<depth>3</depth>
	</size>
	<segmented>0</segmented>
	<object>
		<name>14</name>
		<pose>Unspecified</pose>
		<truncated>0</truncated>
		<difficult>0</difficult>
		<occluded>0</occluded>
		<bndbox>
			<xmin>1</xmin>
			<xmax>411</xmax>
			<ymin>20</ymin>
			<ymax>413</ymax>
		</bndbox>
	</object>
</annotation>
