<annotation>
	<folder></folder>
	<filename>KakaoTalk_20210712_174315930_14_jpg.rf.5d58d6f73e4476da801df42d781feb14.jpg</filename>
	<path>KakaoTalk_20210712_174315930_14_jpg.rf.5d58d6f73e4476da801df42d781feb14.jpg</path>
	<source>
		<database>roboflow.ai</database>
	</source>
	<size>
		<width>416</width>
		<height>416</height>
		<depth>3</depth>
	</size>
	<segmented>0</segmented>
	<object>
		<name>14</name>
		<pose>Unspecified</pose>
		<truncated>0</truncated>
		<difficult>0</difficult>
		<occluded>0</occluded>
		<bndbox>
			<xmin>2</xmin>
			<xmax>390</xmax>
			<ymin>4</ymin>
			<ymax>384</ymax>
		</bndbox>
	</object>
</annotation>
