<annotation>
	<folder></folder>
	<filename>KakaoTalk_20210712_174315930_15_jpg.rf.20099d402857dbe89ca82590e50f94b3.jpg</filename>
	<path>KakaoTalk_20210712_174315930_15_jpg.rf.20099d402857dbe89ca82590e50f94b3.jpg</path>
	<source>
		<database>roboflow.ai</database>
	</source>
	<size>
		<width>416</width>
		<height>416</height>
		<depth>3</depth>
	</size>
	<segmented>0</segmented>
	<object>
		<name>14</name>
		<pose>Unspecified</pose>
		<truncated>0</truncated>
		<difficult>0</difficult>
		<occluded>0</occluded>
		<bndbox>
			<xmin>1</xmin>
			<xmax>417</xmax>
			<ymin>5</ymin>
			<ymax>340</ymax>
		</bndbox>
	</object>
</annotation>
