<annotation>
	<folder></folder>
	<filename>KakaoTalk_20210712_174315930_06_jpg.rf.19ff4790a41fc4add7d388741001b50b.jpg</filename>
	<path>KakaoTalk_20210712_174315930_06_jpg.rf.19ff4790a41fc4add7d388741001b50b.jpg</path>
	<source>
		<database>roboflow.ai</database>
	</source>
	<size>
		<width>416</width>
		<height>416</height>
		<depth>3</depth>
	</size>
	<segmented>0</segmented>
	<object>
		<name>14</name>
		<pose>Unspecified</pose>
		<truncated>0</truncated>
		<difficult>0</difficult>
		<occluded>0</occluded>
		<bndbox>
			<xmin>3</xmin>
			<xmax>409</xmax>
			<ymin>12</ymin>
			<ymax>355</ymax>
		</bndbox>
	</object>
</annotation>
