<annotation>
	<folder></folder>
	<filename>KakaoTalk_20210712_174315930_11_jpg.rf.dbbd1ea9b4b8d761874cb1242dbc3882.jpg</filename>
	<path>KakaoTalk_20210712_174315930_11_jpg.rf.dbbd1ea9b4b8d761874cb1242dbc3882.jpg</path>
	<source>
		<database>roboflow.ai</database>
	</source>
	<size>
		<width>416</width>
		<height>416</height>
		<depth>3</depth>
	</size>
	<segmented>0</segmented>
	<object>
		<name>14</name>
		<pose>Unspecified</pose>
		<truncated>0</truncated>
		<difficult>0</difficult>
		<occluded>0</occluded>
		<bndbox>
			<xmin>86</xmin>
			<xmax>412</xmax>
			<ymin>88</ymin>
			<ymax>330</ymax>
		</bndbox>
	</object>
</annotation>
