<annotation>
	<folder></folder>
	<filename>KakaoTalk_20210712_174315930_01_jpg.rf.fca154a9fdbd7662c0b0b54d6b82ecca.jpg</filename>
	<path>KakaoTalk_20210712_174315930_01_jpg.rf.fca154a9fdbd7662c0b0b54d6b82ecca.jpg</path>
	<source>
		<database>roboflow.ai</database>
	</source>
	<size>
		<width>416</width>
		<height>416</height>
		<depth>3</depth>
	</size>
	<segmented>0</segmented>
	<object>
		<name>14</name>
		<pose>Unspecified</pose>
		<truncated>0</truncated>
		<difficult>0</difficult>
		<occluded>0</occluded>
		<bndbox>
			<xmin>4</xmin>
			<xmax>386</xmax>
			<ymin>63</ymin>
			<ymax>343</ymax>
		</bndbox>
	</object>
</annotation>
