<annotation>
	<folder></folder>
	<filename>KakaoTalk_20210712_174315930_12_jpg.rf.8e31ccd5267d5245b8014d69f3fbcfdb.jpg</filename>
	<path>KakaoTalk_20210712_174315930_12_jpg.rf.8e31ccd5267d5245b8014d69f3fbcfdb.jpg</path>
	<source>
		<database>roboflow.ai</database>
	</source>
	<size>
		<width>416</width>
		<height>416</height>
		<depth>3</depth>
	</size>
	<segmented>0</segmented>
	<object>
		<name>14</name>
		<pose>Unspecified</pose>
		<truncated>0</truncated>
		<difficult>0</difficult>
		<occluded>0</occluded>
		<bndbox>
			<xmin>27</xmin>
			<xmax>417</xmax>
			<ymin>1</ymin>
			<ymax>417</ymax>
		</bndbox>
	</object>
</annotation>
