<annotation>
	<folder></folder>
	<filename>KakaoTalk_20210712_174315930_05_jpg.rf.422e84a325e48f38f32301e97b08404e.jpg</filename>
	<path>KakaoTalk_20210712_174315930_05_jpg.rf.422e84a325e48f38f32301e97b08404e.jpg</path>
	<source>
		<database>roboflow.ai</database>
	</source>
	<size>
		<width>416</width>
		<height>416</height>
		<depth>3</depth>
	</size>
	<segmented>0</segmented>
	<object>
		<name>14</name>
		<pose>Unspecified</pose>
		<truncated>0</truncated>
		<difficult>0</difficult>
		<occluded>0</occluded>
		<bndbox>
			<xmin>5</xmin>
			<xmax>416</xmax>
			<ymin>59</ymin>
			<ymax>399</ymax>
		</bndbox>
	</object>
</annotation>
