<annotation>
	<folder></folder>
	<filename>KakaoTalk_20210712_174315930_02_jpg.rf.1015819494f3d493b5b984db9b2064ae.jpg</filename>
	<path>KakaoTalk_20210712_174315930_02_jpg.rf.1015819494f3d493b5b984db9b2064ae.jpg</path>
	<source>
		<database>roboflow.ai</database>
	</source>
	<size>
		<width>416</width>
		<height>416</height>
		<depth>3</depth>
	</size>
	<segmented>0</segmented>
	<object>
		<name>14</name>
		<pose>Unspecified</pose>
		<truncated>0</truncated>
		<difficult>0</difficult>
		<occluded>0</occluded>
		<bndbox>
			<xmin>40</xmin>
			<xmax>417</xmax>
			<ymin>1</ymin>
			<ymax>351</ymax>
		</bndbox>
	</object>
</annotation>
