<annotation>
	<folder></folder>
	<filename>KakaoTalk_20210712_174315930_09_jpg.rf.20214cd414ee14feed5fe32dd9a27fe9.jpg</filename>
	<path>KakaoTalk_20210712_174315930_09_jpg.rf.20214cd414ee14feed5fe32dd9a27fe9.jpg</path>
	<source>
		<database>roboflow.ai</database>
	</source>
	<size>
		<width>416</width>
		<height>416</height>
		<depth>3</depth>
	</size>
	<segmented>0</segmented>
	<object>
		<name>14</name>
		<pose>Unspecified</pose>
		<truncated>0</truncated>
		<difficult>0</difficult>
		<occluded>0</occluded>
		<bndbox>
			<xmin>3</xmin>
			<xmax>390</xmax>
			<ymin>27</ymin>
			<ymax>366</ymax>
		</bndbox>
	</object>
</annotation>
