<annotation>
	<folder></folder>
	<filename>KakaoTalk_20210712_174315930_10_jpg.rf.302d10b7d328290abaa465d2ad31ee9d.jpg</filename>
	<path>KakaoTalk_20210712_174315930_10_jpg.rf.302d10b7d328290abaa465d2ad31ee9d.jpg</path>
	<source>
		<database>roboflow.ai</database>
	</source>
	<size>
		<width>416</width>
		<height>416</height>
		<depth>3</depth>
	</size>
	<segmented>0</segmented>
	<object>
		<name>14</name>
		<pose>Unspecified</pose>
		<truncated>0</truncated>
		<difficult>0</difficult>
		<occluded>0</occluded>
		<bndbox>
			<xmin>57</xmin>
			<xmax>413</xmax>
			<ymin>18</ymin>
			<ymax>348</ymax>
		</bndbox>
	</object>
</annotation>
