<annotation>
	<folder></folder>
	<filename>KakaoTalk_20210712_174315930_07_jpg.rf.89724a6fe84bd224a488d6e708126ad7.jpg</filename>
	<path>KakaoTalk_20210712_174315930_07_jpg.rf.89724a6fe84bd224a488d6e708126ad7.jpg</path>
	<source>
		<database>roboflow.ai</database>
	</source>
	<size>
		<width>416</width>
		<height>416</height>
		<depth>3</depth>
	</size>
	<segmented>0</segmented>
	<object>
		<name>14</name>
		<pose>Unspecified</pose>
		<truncated>0</truncated>
		<difficult>0</difficult>
		<occluded>0</occluded>
		<bndbox>
			<xmin>6</xmin>
			<xmax>416</xmax>
			<ymin>49</ymin>
			<ymax>412</ymax>
		</bndbox>
	</object>
</annotation>
