<annotation>
	<folder></folder>
	<filename>KakaoTalk_20210712_174315930_04_jpg.rf.26dffcdff090a80de22288ab3cdd9749.jpg</filename>
	<path>KakaoTalk_20210712_174315930_04_jpg.rf.26dffcdff090a80de22288ab3cdd9749.jpg</path>
	<source>
		<database>roboflow.ai</database>
	</source>
	<size>
		<width>416</width>
		<height>416</height>
		<depth>3</depth>
	</size>
	<segmented>0</segmented>
	<object>
		<name>14</name>
		<pose>Unspecified</pose>
		<truncated>0</truncated>
		<difficult>0</difficult>
		<occluded>0</occluded>
		<bndbox>
			<xmin>25</xmin>
			<xmax>412</xmax>
			<ymin>68</ymin>
			<ymax>338</ymax>
		</bndbox>
	</object>
</annotation>
