<annotation>
	<folder></folder>
	<filename>KakaoTalk_20210712_174315930_16_jpg.rf.cee8fc3b26196954b5f76dcf1c90fd8f.jpg</filename>
	<path>KakaoTalk_20210712_174315930_16_jpg.rf.cee8fc3b26196954b5f76dcf1c90fd8f.jpg</path>
	<source>
		<database>roboflow.ai</database>
	</source>
	<size>
		<width>416</width>
		<height>416</height>
		<depth>3</depth>
	</size>
	<segmented>0</segmented>
	<object>
		<name>14</name>
		<pose>Unspecified</pose>
		<truncated>0</truncated>
		<difficult>0</difficult>
		<occluded>0</occluded>
		<bndbox>
			<xmin>3</xmin>
			<xmax>417</xmax>
			<ymin>3</ymin>
			<ymax>400</ymax>
		</bndbox>
	</object>
</annotation>
