<annotation>
	<folder></folder>
	<filename>KakaoTalk_20210712_174315930_17_jpg.rf.4f2ad263a58614f7f460375ba584a6f3.jpg</filename>
	<path>KakaoTalk_20210712_174315930_17_jpg.rf.4f2ad263a58614f7f460375ba584a6f3.jpg</path>
	<source>
		<database>roboflow.ai</database>
	</source>
	<size>
		<width>416</width>
		<height>416</height>
		<depth>3</depth>
	</size>
	<segmented>0</segmented>
	<object>
		<name>14</name>
		<pose>Unspecified</pose>
		<truncated>0</truncated>
		<difficult>0</difficult>
		<occluded>0</occluded>
		<bndbox>
			<xmin>2</xmin>
			<xmax>417</xmax>
			<ymin>2</ymin>
			<ymax>407</ymax>
		</bndbox>
	</object>
</annotation>
