<annotation>
	<folder></folder>
	<filename>KakaoTalk_20210712_174315930_jpg.rf.0407de4e0b83a360cd8511c401261878.jpg</filename>
	<path>KakaoTalk_20210712_174315930_jpg.rf.0407de4e0b83a360cd8511c401261878.jpg</path>
	<source>
		<database>roboflow.ai</database>
	</source>
	<size>
		<width>416</width>
		<height>416</height>
		<depth>3</depth>
	</size>
	<segmented>0</segmented>
	<object>
		<name>14</name>
		<pose>Unspecified</pose>
		<truncated>0</truncated>
		<difficult>0</difficult>
		<occluded>0</occluded>
		<bndbox>
			<xmin>4</xmin>
			<xmax>365</xmax>
			<ymin>64</ymin>
			<ymax>334</ymax>
		</bndbox>
	</object>
</annotation>
