<annotation>
	<folder></folder>
	<filename>KakaoTalk_20210714_230532180_21_jpg.rf.ca7fa830c5e8284d6df40c9ee89703b7.jpg</filename>
	<path>KakaoTalk_20210714_230532180_21_jpg.rf.ca7fa830c5e8284d6df40c9ee89703b7.jpg</path>
	<source>
		<database>roboflow.ai</database>
	</source>
	<size>
		<width>416</width>
		<height>416</height>
		<depth>3</depth>
	</size>
	<segmented>0</segmented>
	<object>
		<name>5</name>
		<pose>Unspecified</pose>
		<truncated>0</truncated>
		<difficult>0</difficult>
		<occluded>0</occluded>
		<bndbox>
			<xmin>11</xmin>
			<xmax>417</xmax>
			<ymin>133</ymin>
			<ymax>314</ymax>
		</bndbox>
	</object>
</annotation>
