<annotation>
	<folder></folder>
	<filename>KakaoTalk_20210714_230532180_17_jpg.rf.53c571171183b115a8c68f95217f086b.jpg</filename>
	<path>KakaoTalk_20210714_230532180_17_jpg.rf.53c571171183b115a8c68f95217f086b.jpg</path>
	<source>
		<database>roboflow.ai</database>
	</source>
	<size>
		<width>416</width>
		<height>416</height>
		<depth>3</depth>
	</size>
	<segmented>0</segmented>
	<object>
		<name>5</name>
		<pose>Unspecified</pose>
		<truncated>0</truncated>
		<difficult>0</difficult>
		<occluded>0</occluded>
		<bndbox>
			<xmin>5</xmin>
			<xmax>417</xmax>
			<ymin>14</ymin>
			<ymax>259</ymax>
		</bndbox>
	</object>
</annotation>
