<annotation>
	<folder></folder>
	<filename>KakaoTalk_20210714_230532180_14_jpg.rf.c2c82412e9d5cb063f8b6eea9e0fced5.jpg</filename>
	<path>KakaoTalk_20210714_230532180_14_jpg.rf.c2c82412e9d5cb063f8b6eea9e0fced5.jpg</path>
	<source>
		<database>roboflow.ai</database>
	</source>
	<size>
		<width>416</width>
		<height>416</height>
		<depth>3</depth>
	</size>
	<segmented>0</segmented>
	<object>
		<name>5</name>
		<pose>Unspecified</pose>
		<truncated>0</truncated>
		<difficult>0</difficult>
		<occluded>0</occluded>
		<bndbox>
			<xmin>3</xmin>
			<xmax>417</xmax>
			<ymin>50</ymin>
			<ymax>363</ymax>
		</bndbox>
	</object>
</annotation>
