<annotation>
	<folder></folder>
	<filename>KakaoTalk_20210714_230532180_20_jpg.rf.d9dfb51090234caf0fb5d64f78decd63.jpg</filename>
	<path>KakaoTalk_20210714_230532180_20_jpg.rf.d9dfb51090234caf0fb5d64f78decd63.jpg</path>
	<source>
		<database>roboflow.ai</database>
	</source>
	<size>
		<width>416</width>
		<height>416</height>
		<depth>3</depth>
	</size>
	<segmented>0</segmented>
	<object>
		<name>5</name>
		<pose>Unspecified</pose>
		<truncated>0</truncated>
		<difficult>0</difficult>
		<occluded>0</occluded>
		<bndbox>
			<xmin>41</xmin>
			<xmax>416</xmax>
			<ymin>81</ymin>
			<ymax>305</ymax>
		</bndbox>
	</object>
</annotation>
