<annotation>
	<folder></folder>
	<filename>KakaoTalk_20210714_230532180_09_jpg.rf.a4c792f5b24041a2bd6a96f2f51d5667.jpg</filename>
	<path>KakaoTalk_20210714_230532180_09_jpg.rf.a4c792f5b24041a2bd6a96f2f51d5667.jpg</path>
	<source>
		<database>roboflow.ai</database>
	</source>
	<size>
		<width>416</width>
		<height>416</height>
		<depth>3</depth>
	</size>
	<segmented>0</segmented>
	<object>
		<name>5</name>
		<pose>Unspecified</pose>
		<truncated>0</truncated>
		<difficult>0</difficult>
		<occluded>0</occluded>
		<bndbox>
			<xmin>3</xmin>
			<xmax>409</xmax>
			<ymin>3</ymin>
			<ymax>393</ymax>
		</bndbox>
	</object>
</annotation>
