<annotation>
	<folder></folder>
	<filename>KakaoTalk_20210714_230532180_03_jpg.rf.2029578b30f3f04de875ddcdede0bb31.jpg</filename>
	<path>KakaoTalk_20210714_230532180_03_jpg.rf.2029578b30f3f04de875ddcdede0bb31.jpg</path>
	<source>
		<database>roboflow.ai</database>
	</source>
	<size>
		<width>416</width>
		<height>416</height>
		<depth>3</depth>
	</size>
	<segmented>0</segmented>
	<object>
		<name>5</name>
		<pose>Unspecified</pose>
		<truncated>0</truncated>
		<difficult>0</difficult>
		<occluded>0</occluded>
		<bndbox>
			<xmin>1</xmin>
			<xmax>321</xmax>
			<ymin>35</ymin>
			<ymax>385</ymax>
		</bndbox>
	</object>
</annotation>
