<annotation>
	<folder></folder>
	<filename>KakaoTalk_20210714_230532180_10_jpg.rf.0ae9d5ebd7e69aa17551b55a0f79c7d6.jpg</filename>
	<path>KakaoTalk_20210714_230532180_10_jpg.rf.0ae9d5ebd7e69aa17551b55a0f79c7d6.jpg</path>
	<source>
		<database>roboflow.ai</database>
	</source>
	<size>
		<width>416</width>
		<height>416</height>
		<depth>3</depth>
	</size>
	<segmented>0</segmented>
	<object>
		<name>5</name>
		<pose>Unspecified</pose>
		<truncated>0</truncated>
		<difficult>0</difficult>
		<occluded>0</occluded>
		<bndbox>
			<xmin>4</xmin>
			<xmax>412</xmax>
			<ymin>3</ymin>
			<ymax>402</ymax>
		</bndbox>
	</object>
</annotation>
