<annotation>
	<folder></folder>
	<filename>KakaoTalk_20210714_230532180_19_jpg.rf.40cf56f7b99a33bc3cf69161718484cd.jpg</filename>
	<path>KakaoTalk_20210714_230532180_19_jpg.rf.40cf56f7b99a33bc3cf69161718484cd.jpg</path>
	<source>
		<database>roboflow.ai</database>
	</source>
	<size>
		<width>416</width>
		<height>416</height>
		<depth>3</depth>
	</size>
	<segmented>0</segmented>
	<object>
		<name>5</name>
		<pose>Unspecified</pose>
		<truncated>0</truncated>
		<difficult>0</difficult>
		<occluded>0</occluded>
		<bndbox>
			<xmin>1</xmin>
			<xmax>412</xmax>
			<ymin>99</ymin>
			<ymax>336</ymax>
		</bndbox>
	</object>
</annotation>
