<annotation>
	<folder></folder>
	<filename>KakaoTalk_20210714_230532180_12_jpg.rf.abc2614c1b3ea47f861ff9117c3da9ba.jpg</filename>
	<path>KakaoTalk_20210714_230532180_12_jpg.rf.abc2614c1b3ea47f861ff9117c3da9ba.jpg</path>
	<source>
		<database>roboflow.ai</database>
	</source>
	<size>
		<width>416</width>
		<height>416</height>
		<depth>3</depth>
	</size>
	<segmented>0</segmented>
	<object>
		<name>5</name>
		<pose>Unspecified</pose>
		<truncated>0</truncated>
		<difficult>0</difficult>
		<occluded>0</occluded>
		<bndbox>
			<xmin>3</xmin>
			<xmax>415</xmax>
			<ymin>6</ymin>
			<ymax>407</ymax>
		</bndbox>
	</object>
</annotation>
