<annotation>
	<folder></folder>
	<filename>KakaoTalk_20210714_230532180_13_jpg.rf.e07209b594c5df5641eb8fb58ff8ce1f.jpg</filename>
	<path>KakaoTalk_20210714_230532180_13_jpg.rf.e07209b594c5df5641eb8fb58ff8ce1f.jpg</path>
	<source>
		<database>roboflow.ai</database>
	</source>
	<size>
		<width>416</width>
		<height>416</height>
		<depth>3</depth>
	</size>
	<segmented>0</segmented>
	<object>
		<name>5</name>
		<pose>Unspecified</pose>
		<truncated>0</truncated>
		<difficult>0</difficult>
		<occluded>0</occluded>
		<bndbox>
			<xmin>1</xmin>
			<xmax>417</xmax>
			<ymin>1</ymin>
			<ymax>297</ymax>
		</bndbox>
	</object>
</annotation>
