<annotation>
	<folder></folder>
	<filename>KakaoTalk_20210714_230532180_11_jpg.rf.b34c955767fa6f3c9a809e915cf0a2b9.jpg</filename>
	<path>KakaoTalk_20210714_230532180_11_jpg.rf.b34c955767fa6f3c9a809e915cf0a2b9.jpg</path>
	<source>
		<database>roboflow.ai</database>
	</source>
	<size>
		<width>416</width>
		<height>416</height>
		<depth>3</depth>
	</size>
	<segmented>0</segmented>
	<object>
		<name>5</name>
		<pose>Unspecified</pose>
		<truncated>0</truncated>
		<difficult>0</difficult>
		<occluded>0</occluded>
		<bndbox>
			<xmin>2</xmin>
			<xmax>359</xmax>
			<ymin>1</ymin>
			<ymax>341</ymax>
		</bndbox>
	</object>
</annotation>
