<annotation>
	<folder></folder>
	<filename>KakaoTalk_20210714_230532180_02_jpg.rf.9dccf046289a9c952cf066e445b0057f.jpg</filename>
	<path>KakaoTalk_20210714_230532180_02_jpg.rf.9dccf046289a9c952cf066e445b0057f.jpg</path>
	<source>
		<database>roboflow.ai</database>
	</source>
	<size>
		<width>416</width>
		<height>416</height>
		<depth>3</depth>
	</size>
	<segmented>0</segmented>
	<object>
		<name>5</name>
		<pose>Unspecified</pose>
		<truncated>0</truncated>
		<difficult>0</difficult>
		<occluded>0</occluded>
		<bndbox>
			<xmin>51</xmin>
			<xmax>417</xmax>
			<ymin>1</ymin>
			<ymax>377</ymax>
		</bndbox>
	</object>
</annotation>
