<annotation>
	<folder></folder>
	<filename>KakaoTalk_20210714_230532180_07_jpg.rf.7f9c33107bc01a68f58c81b3c16ccbc2.jpg</filename>
	<path>KakaoTalk_20210714_230532180_07_jpg.rf.7f9c33107bc01a68f58c81b3c16ccbc2.jpg</path>
	<source>
		<database>roboflow.ai</database>
	</source>
	<size>
		<width>416</width>
		<height>416</height>
		<depth>3</depth>
	</size>
	<segmented>0</segmented>
	<object>
		<name>5</name>
		<pose>Unspecified</pose>
		<truncated>0</truncated>
		<difficult>0</difficult>
		<occluded>0</occluded>
		<bndbox>
			<xmin>8</xmin>
			<xmax>416</xmax>
			<ymin>11</ymin>
			<ymax>373</ymax>
		</bndbox>
	</object>
</annotation>
