<annotation>
	<folder></folder>
	<filename>KakaoTalk_20210714_230532180_04_jpg.rf.01bf2cde112a6c482b36b438cb9d8e1a.jpg</filename>
	<path>KakaoTalk_20210714_230532180_04_jpg.rf.01bf2cde112a6c482b36b438cb9d8e1a.jpg</path>
	<source>
		<database>roboflow.ai</database>
	</source>
	<size>
		<width>416</width>
		<height>416</height>
		<depth>3</depth>
	</size>
	<segmented>0</segmented>
	<object>
		<name>5</name>
		<pose>Unspecified</pose>
		<truncated>0</truncated>
		<difficult>0</difficult>
		<occluded>0</occluded>
		<bndbox>
			<xmin>1</xmin>
			<xmax>417</xmax>
			<ymin>13</ymin>
			<ymax>417</ymax>
		</bndbox>
	</object>
</annotation>
