<annotation>
	<folder></folder>
	<filename>KakaoTalk_20210714_230532180_16_jpg.rf.bef8637a839a2e694932d01c6b0c7df0.jpg</filename>
	<path>KakaoTalk_20210714_230532180_16_jpg.rf.bef8637a839a2e694932d01c6b0c7df0.jpg</path>
	<source>
		<database>roboflow.ai</database>
	</source>
	<size>
		<width>416</width>
		<height>416</height>
		<depth>3</depth>
	</size>
	<segmented>0</segmented>
	<object>
		<name>5</name>
		<pose>Unspecified</pose>
		<truncated>0</truncated>
		<difficult>0</difficult>
		<occluded>0</occluded>
		<bndbox>
			<xmin>17</xmin>
			<xmax>416</xmax>
			<ymin>63</ymin>
			<ymax>283</ymax>
		</bndbox>
	</object>
</annotation>
