<annotation>
	<folder></folder>
	<filename>KakaoTalk_20210714_204020046_14_jpg.rf.215e4a4a7a518cfe8baf5d4e1a79de5a.jpg</filename>
	<path>KakaoTalk_20210714_204020046_14_jpg.rf.215e4a4a7a518cfe8baf5d4e1a79de5a.jpg</path>
	<source>
		<database>roboflow.ai</database>
	</source>
	<size>
		<width>416</width>
		<height>416</height>
		<depth>3</depth>
	</size>
	<segmented>0</segmented>
	<object>
		<name>17</name>
		<pose>Unspecified</pose>
		<truncated>0</truncated>
		<difficult>0</difficult>
		<occluded>0</occluded>
		<bndbox>
			<xmin>59</xmin>
			<xmax>390</xmax>
			<ymin>62</ymin>
			<ymax>335</ymax>
		</bndbox>
	</object>
</annotation>
