<annotation>
	<folder></folder>
	<filename>KakaoTalk_20210714_204020046_jpg.rf.e07da3987c096984accb36743e87dd1e.jpg</filename>
	<path>KakaoTalk_20210714_204020046_jpg.rf.e07da3987c096984accb36743e87dd1e.jpg</path>
	<source>
		<database>roboflow.ai</database>
	</source>
	<size>
		<width>416</width>
		<height>416</height>
		<depth>3</depth>
	</size>
	<segmented>0</segmented>
	<object>
		<name>17</name>
		<pose>Unspecified</pose>
		<truncated>0</truncated>
		<difficult>0</difficult>
		<occluded>0</occluded>
		<bndbox>
			<xmin>110</xmin>
			<xmax>366</xmax>
			<ymin>1</ymin>
			<ymax>330</ymax>
		</bndbox>
	</object>
</annotation>
