<annotation>
	<folder></folder>
	<filename>KakaoTalk_20210714_204020046_02_jpg.rf.6c1acce11b639c05c708c94140330302.jpg</filename>
	<path>KakaoTalk_20210714_204020046_02_jpg.rf.6c1acce11b639c05c708c94140330302.jpg</path>
	<source>
		<database>roboflow.ai</database>
	</source>
	<size>
		<width>416</width>
		<height>416</height>
		<depth>3</depth>
	</size>
	<segmented>0</segmented>
	<object>
		<name>17</name>
		<pose>Unspecified</pose>
		<truncated>0</truncated>
		<difficult>0</difficult>
		<occluded>0</occluded>
		<bndbox>
			<xmin>89</xmin>
			<xmax>383</xmax>
			<ymin>12</ymin>
			<ymax>352</ymax>
		</bndbox>
	</object>
</annotation>
