<annotation>
	<folder></folder>
	<filename>KakaoTalk_20210714_204020046_10_jpg.rf.e04d746d96a6b13afb0520c942aa8db3.jpg</filename>
	<path>KakaoTalk_20210714_204020046_10_jpg.rf.e04d746d96a6b13afb0520c942aa8db3.jpg</path>
	<source>
		<database>roboflow.ai</database>
	</source>
	<size>
		<width>416</width>
		<height>416</height>
		<depth>3</depth>
	</size>
	<segmented>0</segmented>
	<object>
		<name>17</name>
		<pose>Unspecified</pose>
		<truncated>0</truncated>
		<difficult>0</difficult>
		<occluded>0</occluded>
		<bndbox>
			<xmin>161</xmin>
			<xmax>377</xmax>
			<ymin>62</ymin>
			<ymax>332</ymax>
		</bndbox>
	</object>
</annotation>
