<annotation>
	<folder></folder>
	<filename>KakaoTalk_20210714_204020046_20_jpg.rf.c3f753ae6ce0afff9ddbf691614f84ee.jpg</filename>
	<path>KakaoTalk_20210714_204020046_20_jpg.rf.c3f753ae6ce0afff9ddbf691614f84ee.jpg</path>
	<source>
		<database>roboflow.ai</database>
	</source>
	<size>
		<width>416</width>
		<height>416</height>
		<depth>3</depth>
	</size>
	<segmented>0</segmented>
	<object>
		<name>17</name>
		<pose>Unspecified</pose>
		<truncated>0</truncated>
		<difficult>0</difficult>
		<occluded>0</occluded>
		<bndbox>
			<xmin>126</xmin>
			<xmax>343</xmax>
			<ymin>1</ymin>
			<ymax>364</ymax>
		</bndbox>
	</object>
</annotation>
