<annotation>
	<folder></folder>
	<filename>KakaoTalk_20210714_204020046_11_jpg.rf.098f3cda7b93620714c41f1bdea1d271.jpg</filename>
	<path>KakaoTalk_20210714_204020046_11_jpg.rf.098f3cda7b93620714c41f1bdea1d271.jpg</path>
	<source>
		<database>roboflow.ai</database>
	</source>
	<size>
		<width>416</width>
		<height>416</height>
		<depth>3</depth>
	</size>
	<segmented>0</segmented>
	<object>
		<name>17</name>
		<pose>Unspecified</pose>
		<truncated>0</truncated>
		<difficult>0</difficult>
		<occluded>0</occluded>
		<bndbox>
			<xmin>156</xmin>
			<xmax>411</xmax>
			<ymin>65</ymin>
			<ymax>353</ymax>
		</bndbox>
	</object>
</annotation>
