<annotation>
	<folder></folder>
	<filename>KakaoTalk_20210714_204020046_07_jpg.rf.31cab06d286e5470fbcf3ea8537df5b7.jpg</filename>
	<path>KakaoTalk_20210714_204020046_07_jpg.rf.31cab06d286e5470fbcf3ea8537df5b7.jpg</path>
	<source>
		<database>roboflow.ai</database>
	</source>
	<size>
		<width>416</width>
		<height>416</height>
		<depth>3</depth>
	</size>
	<segmented>0</segmented>
	<object>
		<name>17</name>
		<pose>Unspecified</pose>
		<truncated>0</truncated>
		<difficult>0</difficult>
		<occluded>0</occluded>
		<bndbox>
			<xmin>100</xmin>
			<xmax>381</xmax>
			<ymin>18</ymin>
			<ymax>395</ymax>
		</bndbox>
	</object>
</annotation>
