<annotation>
	<folder></folder>
	<filename>KakaoTalk_20210714_204020046_05_jpg.rf.d18b612004ab36d37f0935d5b9a0b5bc.jpg</filename>
	<path>KakaoTalk_20210714_204020046_05_jpg.rf.d18b612004ab36d37f0935d5b9a0b5bc.jpg</path>
	<source>
		<database>roboflow.ai</database>
	</source>
	<size>
		<width>416</width>
		<height>416</height>
		<depth>3</depth>
	</size>
	<segmented>0</segmented>
	<object>
		<name>17</name>
		<pose>Unspecified</pose>
		<truncated>0</truncated>
		<difficult>0</difficult>
		<occluded>0</occluded>
		<bndbox>
			<xmin>100</xmin>
			<xmax>306</xmax>
			<ymin>28</ymin>
			<ymax>395</ymax>
		</bndbox>
	</object>
</annotation>
