<annotation>
	<folder></folder>
	<filename>KakaoTalk_20210714_204020046_06_jpg.rf.8cf04dbc11a37d9d8d6be440b84ff29e.jpg</filename>
	<path>KakaoTalk_20210714_204020046_06_jpg.rf.8cf04dbc11a37d9d8d6be440b84ff29e.jpg</path>
	<source>
		<database>roboflow.ai</database>
	</source>
	<size>
		<width>416</width>
		<height>416</height>
		<depth>3</depth>
	</size>
	<segmented>0</segmented>
	<object>
		<name>17</name>
		<pose>Unspecified</pose>
		<truncated>0</truncated>
		<difficult>0</difficult>
		<occluded>0</occluded>
		<bndbox>
			<xmin>94</xmin>
			<xmax>293</xmax>
			<ymin>7</ymin>
			<ymax>354</ymax>
		</bndbox>
	</object>
</annotation>
