<annotation>
	<folder></folder>
	<filename>KakaoTalk_20210714_204020046_01_jpg.rf.e1689f231e9643bf0e2a492bfcaa370b.jpg</filename>
	<path>KakaoTalk_20210714_204020046_01_jpg.rf.e1689f231e9643bf0e2a492bfcaa370b.jpg</path>
	<source>
		<database>roboflow.ai</database>
	</source>
	<size>
		<width>416</width>
		<height>416</height>
		<depth>3</depth>
	</size>
	<segmented>0</segmented>
	<object>
		<name>17</name>
		<pose>Unspecified</pose>
		<truncated>0</truncated>
		<difficult>0</difficult>
		<occluded>0</occluded>
		<bndbox>
			<xmin>148</xmin>
			<xmax>416</xmax>
			<ymin>31</ymin>
			<ymax>368</ymax>
		</bndbox>
	</object>
</annotation>
