<annotation>
	<folder></folder>
	<filename>KakaoTalk_20210714_204020046_19_jpg.rf.ebcd3811b8f4ee501ed78245cbfe17a2.jpg</filename>
	<path>KakaoTalk_20210714_204020046_19_jpg.rf.ebcd3811b8f4ee501ed78245cbfe17a2.jpg</path>
	<source>
		<database>roboflow.ai</database>
	</source>
	<size>
		<width>416</width>
		<height>416</height>
		<depth>3</depth>
	</size>
	<segmented>0</segmented>
	<object>
		<name>17</name>
		<pose>Unspecified</pose>
		<truncated>0</truncated>
		<difficult>0</difficult>
		<occluded>0</occluded>
		<bndbox>
			<xmin>147</xmin>
			<xmax>385</xmax>
			<ymin>1</ymin>
			<ymax>406</ymax>
		</bndbox>
	</object>
</annotation>
