<annotation>
	<folder></folder>
	<filename>KakaoTalk_20210714_204020046_17_jpg.rf.9abdad843b463024a314cf9672ded056.jpg</filename>
	<path>KakaoTalk_20210714_204020046_17_jpg.rf.9abdad843b463024a314cf9672ded056.jpg</path>
	<source>
		<database>roboflow.ai</database>
	</source>
	<size>
		<width>416</width>
		<height>416</height>
		<depth>3</depth>
	</size>
	<segmented>0</segmented>
	<object>
		<name>17</name>
		<pose>Unspecified</pose>
		<truncated>0</truncated>
		<difficult>0</difficult>
		<occluded>0</occluded>
		<bndbox>
			<xmin>93</xmin>
			<xmax>414</xmax>
			<ymin>20</ymin>
			<ymax>377</ymax>
		</bndbox>
	</object>
</annotation>
