<annotation>
	<folder></folder>
	<filename>KakaoTalk_20210714_204020046_21_jpg.rf.aadb7760e2b37be247bd7da41b85b8d5.jpg</filename>
	<path>KakaoTalk_20210714_204020046_21_jpg.rf.aadb7760e2b37be247bd7da41b85b8d5.jpg</path>
	<source>
		<database>roboflow.ai</database>
	</source>
	<size>
		<width>416</width>
		<height>416</height>
		<depth>3</depth>
	</size>
	<segmented>0</segmented>
	<object>
		<name>17</name>
		<pose>Unspecified</pose>
		<truncated>0</truncated>
		<difficult>0</difficult>
		<occluded>0</occluded>
		<bndbox>
			<xmin>106</xmin>
			<xmax>350</xmax>
			<ymin>1</ymin>
			<ymax>365</ymax>
		</bndbox>
	</object>
</annotation>
