<annotation>
	<folder></folder>
	<filename>KakaoTalk_20210714_204020046_22_jpg.rf.d0a756f5cf7e72af011f1806a0a36b0b.jpg</filename>
	<path>KakaoTalk_20210714_204020046_22_jpg.rf.d0a756f5cf7e72af011f1806a0a36b0b.jpg</path>
	<source>
		<database>roboflow.ai</database>
	</source>
	<size>
		<width>416</width>
		<height>416</height>
		<depth>3</depth>
	</size>
	<segmented>0</segmented>
	<object>
		<name>17</name>
		<pose>Unspecified</pose>
		<truncated>0</truncated>
		<difficult>0</difficult>
		<occluded>0</occluded>
		<bndbox>
			<xmin>80</xmin>
			<xmax>398</xmax>
			<ymin>2</ymin>
			<ymax>367</ymax>
		</bndbox>
	</object>
</annotation>
