<annotation>
	<folder></folder>
	<filename>KakaoTalk_20210714_204020046_24_jpg.rf.b97a27617fd631c360d6691692676066.jpg</filename>
	<path>KakaoTalk_20210714_204020046_24_jpg.rf.b97a27617fd631c360d6691692676066.jpg</path>
	<source>
		<database>roboflow.ai</database>
	</source>
	<size>
		<width>416</width>
		<height>416</height>
		<depth>3</depth>
	</size>
	<segmented>0</segmented>
	<object>
		<name>17</name>
		<pose>Unspecified</pose>
		<truncated>0</truncated>
		<difficult>0</difficult>
		<occluded>0</occluded>
		<bndbox>
			<xmin>33</xmin>
			<xmax>414</xmax>
			<ymin>1</ymin>
			<ymax>340</ymax>
		</bndbox>
	</object>
</annotation>
