<annotation>
	<folder></folder>
	<filename>KakaoTalk_20210714_204020046_09_jpg.rf.108375bfd84d4923958526b94a1ba6c7.jpg</filename>
	<path>KakaoTalk_20210714_204020046_09_jpg.rf.108375bfd84d4923958526b94a1ba6c7.jpg</path>
	<source>
		<database>roboflow.ai</database>
	</source>
	<size>
		<width>416</width>
		<height>416</height>
		<depth>3</depth>
	</size>
	<segmented>0</segmented>
	<object>
		<name>17</name>
		<pose>Unspecified</pose>
		<truncated>0</truncated>
		<difficult>0</difficult>
		<occluded>0</occluded>
		<bndbox>
			<xmin>132</xmin>
			<xmax>338</xmax>
			<ymin>75</ymin>
			<ymax>364</ymax>
		</bndbox>
	</object>
</annotation>
