<annotation>
	<folder></folder>
	<filename>KakaoTalk_20210714_204020046_16_jpg.rf.9f48cb18ef0f93575d4ae181ccdbea51.jpg</filename>
	<path>KakaoTalk_20210714_204020046_16_jpg.rf.9f48cb18ef0f93575d4ae181ccdbea51.jpg</path>
	<source>
		<database>roboflow.ai</database>
	</source>
	<size>
		<width>416</width>
		<height>416</height>
		<depth>3</depth>
	</size>
	<segmented>0</segmented>
	<object>
		<name>17</name>
		<pose>Unspecified</pose>
		<truncated>0</truncated>
		<difficult>0</difficult>
		<occluded>0</occluded>
		<bndbox>
			<xmin>63</xmin>
			<xmax>377</xmax>
			<ymin>51</ymin>
			<ymax>318</ymax>
		</bndbox>
	</object>
</annotation>
