<annotation>
	<folder></folder>
	<filename>KakaoTalk_20210714_204020046_08_jpg.rf.f7d090296b360757341591a29fa5d02a.jpg</filename>
	<path>KakaoTalk_20210714_204020046_08_jpg.rf.f7d090296b360757341591a29fa5d02a.jpg</path>
	<source>
		<database>roboflow.ai</database>
	</source>
	<size>
		<width>416</width>
		<height>416</height>
		<depth>3</depth>
	</size>
	<segmented>0</segmented>
	<object>
		<name>17</name>
		<pose>Unspecified</pose>
		<truncated>0</truncated>
		<difficult>0</difficult>
		<occluded>0</occluded>
		<bndbox>
			<xmin>159</xmin>
			<xmax>396</xmax>
			<ymin>61</ymin>
			<ymax>380</ymax>
		</bndbox>
	</object>
</annotation>
