<annotation>
	<folder></folder>
	<filename>KakaoTalk_20210714_204020046_12_jpg.rf.3419a0894906b9543b1cdd7ab4ab661e.jpg</filename>
	<path>KakaoTalk_20210714_204020046_12_jpg.rf.3419a0894906b9543b1cdd7ab4ab661e.jpg</path>
	<source>
		<database>roboflow.ai</database>
	</source>
	<size>
		<width>416</width>
		<height>416</height>
		<depth>3</depth>
	</size>
	<segmented>0</segmented>
	<object>
		<name>17</name>
		<pose>Unspecified</pose>
		<truncated>0</truncated>
		<difficult>0</difficult>
		<occluded>0</occluded>
		<bndbox>
			<xmin>108</xmin>
			<xmax>400</xmax>
			<ymin>66</ymin>
			<ymax>358</ymax>
		</bndbox>
	</object>
</annotation>
