<annotation>
	<folder></folder>
	<filename>KakaoTalk_20210714_204020046_18_jpg.rf.467e3d9e9f34859dc4366b8b7819c848.jpg</filename>
	<path>KakaoTalk_20210714_204020046_18_jpg.rf.467e3d9e9f34859dc4366b8b7819c848.jpg</path>
	<source>
		<database>roboflow.ai</database>
	</source>
	<size>
		<width>416</width>
		<height>416</height>
		<depth>3</depth>
	</size>
	<segmented>0</segmented>
	<object>
		<name>17</name>
		<pose>Unspecified</pose>
		<truncated>0</truncated>
		<difficult>0</difficult>
		<occluded>0</occluded>
		<bndbox>
			<xmin>92</xmin>
			<xmax>386</xmax>
			<ymin>2</ymin>
			<ymax>347</ymax>
		</bndbox>
	</object>
</annotation>
