<annotation>
	<folder></folder>
	<filename>KakaoTalk_20210714_204020046_03_jpg.rf.20cae933eb94cee29900e10970b124c1.jpg</filename>
	<path>KakaoTalk_20210714_204020046_03_jpg.rf.20cae933eb94cee29900e10970b124c1.jpg</path>
	<source>
		<database>roboflow.ai</database>
	</source>
	<size>
		<width>416</width>
		<height>416</height>
		<depth>3</depth>
	</size>
	<segmented>0</segmented>
	<object>
		<name>17</name>
		<pose>Unspecified</pose>
		<truncated>0</truncated>
		<difficult>0</difficult>
		<occluded>0</occluded>
		<bndbox>
			<xmin>116</xmin>
			<xmax>328</xmax>
			<ymin>33</ymin>
			<ymax>370</ymax>
		</bndbox>
	</object>
</annotation>
