<annotation>
	<folder></folder>
	<filename>KakaoTalk_20210714_204020046_13_jpg.rf.1c89ab2e5d8480d7d97388ed720062ec.jpg</filename>
	<path>KakaoTalk_20210714_204020046_13_jpg.rf.1c89ab2e5d8480d7d97388ed720062ec.jpg</path>
	<source>
		<database>roboflow.ai</database>
	</source>
	<size>
		<width>416</width>
		<height>416</height>
		<depth>3</depth>
	</size>
	<segmented>0</segmented>
	<object>
		<name>17</name>
		<pose>Unspecified</pose>
		<truncated>0</truncated>
		<difficult>0</difficult>
		<occluded>0</occluded>
		<bndbox>
			<xmin>73</xmin>
			<xmax>380</xmax>
			<ymin>54</ymin>
			<ymax>303</ymax>
		</bndbox>
	</object>
</annotation>
