<annotation>
	<folder></folder>
	<filename>KakaoTalk_20210714_204020046_15_jpg.rf.160521c04d39fde23db958d209776f1b.jpg</filename>
	<path>KakaoTalk_20210714_204020046_15_jpg.rf.160521c04d39fde23db958d209776f1b.jpg</path>
	<source>
		<database>roboflow.ai</database>
	</source>
	<size>
		<width>416</width>
		<height>416</height>
		<depth>3</depth>
	</size>
	<segmented>0</segmented>
	<object>
		<name>17</name>
		<pose>Unspecified</pose>
		<truncated>0</truncated>
		<difficult>0</difficult>
		<occluded>0</occluded>
		<bndbox>
			<xmin>75</xmin>
			<xmax>406</xmax>
			<ymin>60</ymin>
			<ymax>329</ymax>
		</bndbox>
	</object>
</annotation>
