<annotation>
	<folder></folder>
	<filename>KakaoTalk_20210714_204020046_23_jpg.rf.ea4584889a0d31d6ab5bfaa1deb2ebf3.jpg</filename>
	<path>KakaoTalk_20210714_204020046_23_jpg.rf.ea4584889a0d31d6ab5bfaa1deb2ebf3.jpg</path>
	<source>
		<database>roboflow.ai</database>
	</source>
	<size>
		<width>416</width>
		<height>416</height>
		<depth>3</depth>
	</size>
	<segmented>0</segmented>
	<object>
		<name>17</name>
		<pose>Unspecified</pose>
		<truncated>0</truncated>
		<difficult>0</difficult>
		<occluded>0</occluded>
		<bndbox>
			<xmin>1</xmin>
			<xmax>411</xmax>
			<ymin>3</ymin>
			<ymax>386</ymax>
		</bndbox>
	</object>
</annotation>
