<annotation>
	<folder></folder>
	<filename>KakaoTalk_20210714_204020046_04_jpg.rf.2194216e75f0cb7c7f44eaf39d735c51.jpg</filename>
	<path>KakaoTalk_20210714_204020046_04_jpg.rf.2194216e75f0cb7c7f44eaf39d735c51.jpg</path>
	<source>
		<database>roboflow.ai</database>
	</source>
	<size>
		<width>416</width>
		<height>416</height>
		<depth>3</depth>
	</size>
	<segmented>0</segmented>
	<object>
		<name>17</name>
		<pose>Unspecified</pose>
		<truncated>0</truncated>
		<difficult>0</difficult>
		<occluded>0</occluded>
		<bndbox>
			<xmin>106</xmin>
			<xmax>311</xmax>
			<ymin>31</ymin>
			<ymax>378</ymax>
		</bndbox>
	</object>
</annotation>
