<annotation>
	<folder></folder>
	<filename>KakaoTalk_20210712_210934694_02_jpg.rf.361fa5e48e9f3ad826f67430a1bd6ad2.jpg</filename>
	<path>KakaoTalk_20210712_210934694_02_jpg.rf.361fa5e48e9f3ad826f67430a1bd6ad2.jpg</path>
	<source>
		<database>roboflow.ai</database>
	</source>
	<size>
		<width>416</width>
		<height>416</height>
		<depth>3</depth>
	</size>
	<segmented>0</segmented>
	<object>
		<name>4</name>
		<pose>Unspecified</pose>
		<truncated>0</truncated>
		<difficult>0</difficult>
		<occluded>0</occluded>
		<bndbox>
			<xmin>18</xmin>
			<xmax>416</xmax>
			<ymin>2</ymin>
			<ymax>413</ymax>
		</bndbox>
	</object>
</annotation>
