<annotation>
	<folder></folder>
	<filename>KakaoTalk_20210712_210934694_jpg.rf.472170a4c496d17fefb5cfb8d4abc6ce.jpg</filename>
	<path>KakaoTalk_20210712_210934694_jpg.rf.472170a4c496d17fefb5cfb8d4abc6ce.jpg</path>
	<source>
		<database>roboflow.ai</database>
	</source>
	<size>
		<width>416</width>
		<height>416</height>
		<depth>3</depth>
	</size>
	<segmented>0</segmented>
	<object>
		<name>4</name>
		<pose>Unspecified</pose>
		<truncated>0</truncated>
		<difficult>0</difficult>
		<occluded>0</occluded>
		<bndbox>
			<xmin>43</xmin>
			<xmax>368</xmax>
			<ymin>2</ymin>
			<ymax>416</ymax>
		</bndbox>
	</object>
</annotation>
