<annotation>
	<folder></folder>
	<filename>KakaoTalk_20210712_210934694_03_jpg.rf.4ba189b33b793e03082c24d1c86a5e80.jpg</filename>
	<path>KakaoTalk_20210712_210934694_03_jpg.rf.4ba189b33b793e03082c24d1c86a5e80.jpg</path>
	<source>
		<database>roboflow.ai</database>
	</source>
	<size>
		<width>416</width>
		<height>416</height>
		<depth>3</depth>
	</size>
	<segmented>0</segmented>
	<object>
		<name>4</name>
		<pose>Unspecified</pose>
		<truncated>0</truncated>
		<difficult>0</difficult>
		<occluded>0</occluded>
		<bndbox>
			<xmin>2</xmin>
			<xmax>416</xmax>
			<ymin>1</ymin>
			<ymax>415</ymax>
		</bndbox>
	</object>
</annotation>
