<annotation>
	<folder></folder>
	<filename>KakaoTalk_20210712_210934694_13_jpg.rf.c2cb68c878b2012a532022543b65694e.jpg</filename>
	<path>KakaoTalk_20210712_210934694_13_jpg.rf.c2cb68c878b2012a532022543b65694e.jpg</path>
	<source>
		<database>roboflow.ai</database>
	</source>
	<size>
		<width>416</width>
		<height>416</height>
		<depth>3</depth>
	</size>
	<segmented>0</segmented>
	<object>
		<name>4</name>
		<pose>Unspecified</pose>
		<truncated>0</truncated>
		<difficult>0</difficult>
		<occluded>0</occluded>
		<bndbox>
			<xmin>9</xmin>
			<xmax>375</xmax>
			<ymin>26</ymin>
			<ymax>346</ymax>
		</bndbox>
	</object>
</annotation>
