<annotation>
	<folder></folder>
	<filename>KakaoTalk_20210712_210934694_10_jpg.rf.498696c4fcb8048676b022d4e5c848ae.jpg</filename>
	<path>KakaoTalk_20210712_210934694_10_jpg.rf.498696c4fcb8048676b022d4e5c848ae.jpg</path>
	<source>
		<database>roboflow.ai</database>
	</source>
	<size>
		<width>416</width>
		<height>416</height>
		<depth>3</depth>
	</size>
	<segmented>0</segmented>
	<object>
		<name>4</name>
		<pose>Unspecified</pose>
		<truncated>0</truncated>
		<difficult>0</difficult>
		<occluded>0</occluded>
		<bndbox>
			<xmin>3</xmin>
			<xmax>395</xmax>
			<ymin>3</ymin>
			<ymax>417</ymax>
		</bndbox>
	</object>
</annotation>
