<annotation>
	<folder></folder>
	<filename>KakaoTalk_20210712_210934694_09_jpg.rf.220f09bab69241d1aa32133eb876a5a2.jpg</filename>
	<path>KakaoTalk_20210712_210934694_09_jpg.rf.220f09bab69241d1aa32133eb876a5a2.jpg</path>
	<source>
		<database>roboflow.ai</database>
	</source>
	<size>
		<width>416</width>
		<height>416</height>
		<depth>3</depth>
	</size>
	<segmented>0</segmented>
	<object>
		<name>4</name>
		<pose>Unspecified</pose>
		<truncated>0</truncated>
		<difficult>0</difficult>
		<occluded>0</occluded>
		<bndbox>
			<xmin>28</xmin>
			<xmax>401</xmax>
			<ymin>5</ymin>
			<ymax>391</ymax>
		</bndbox>
	</object>
</annotation>
