<annotation>
	<folder></folder>
	<filename>KakaoTalk_20210712_210934694_11_jpg.rf.8e23d1b199df5253bca637c4d8f06f80.jpg</filename>
	<path>KakaoTalk_20210712_210934694_11_jpg.rf.8e23d1b199df5253bca637c4d8f06f80.jpg</path>
	<source>
		<database>roboflow.ai</database>
	</source>
	<size>
		<width>416</width>
		<height>416</height>
		<depth>3</depth>
	</size>
	<segmented>0</segmented>
	<object>
		<name>4</name>
		<pose>Unspecified</pose>
		<truncated>0</truncated>
		<difficult>0</difficult>
		<occluded>0</occluded>
		<bndbox>
			<xmin>42</xmin>
			<xmax>390</xmax>
			<ymin>1</ymin>
			<ymax>408</ymax>
		</bndbox>
	</object>
</annotation>
