<annotation>
	<folder></folder>
	<filename>KakaoTalk_20210712_210934694_12_jpg.rf.1f0aa6c6dd63eb141a18f0aee46eefd6.jpg</filename>
	<path>KakaoTalk_20210712_210934694_12_jpg.rf.1f0aa6c6dd63eb141a18f0aee46eefd6.jpg</path>
	<source>
		<database>roboflow.ai</database>
	</source>
	<size>
		<width>416</width>
		<height>416</height>
		<depth>3</depth>
	</size>
	<segmented>0</segmented>
	<object>
		<name>4</name>
		<pose>Unspecified</pose>
		<truncated>0</truncated>
		<difficult>0</difficult>
		<occluded>0</occluded>
		<bndbox>
			<xmin>5</xmin>
			<xmax>400</xmax>
			<ymin>2</ymin>
			<ymax>358</ymax>
		</bndbox>
	</object>
</annotation>
