<annotation>
	<folder></folder>
	<filename>KakaoTalk_20210712_210934694_05_jpg.rf.10f2cf9650907cf15fef506acd6fe797.jpg</filename>
	<path>KakaoTalk_20210712_210934694_05_jpg.rf.10f2cf9650907cf15fef506acd6fe797.jpg</path>
	<source>
		<database>roboflow.ai</database>
	</source>
	<size>
		<width>416</width>
		<height>416</height>
		<depth>3</depth>
	</size>
	<segmented>0</segmented>
	<object>
		<name>4</name>
		<pose>Unspecified</pose>
		<truncated>0</truncated>
		<difficult>0</difficult>
		<occluded>0</occluded>
		<bndbox>
			<xmin>2</xmin>
			<xmax>406</xmax>
			<ymin>17</ymin>
			<ymax>379</ymax>
		</bndbox>
	</object>
</annotation>
