<annotation>
	<folder></folder>
	<filename>KakaoTalk_20210712_210934694_06_jpg.rf.0b2ca5b05394340691b869225f3e200d.jpg</filename>
	<path>KakaoTalk_20210712_210934694_06_jpg.rf.0b2ca5b05394340691b869225f3e200d.jpg</path>
	<source>
		<database>roboflow.ai</database>
	</source>
	<size>
		<width>416</width>
		<height>416</height>
		<depth>3</depth>
	</size>
	<segmented>0</segmented>
	<object>
		<name>4</name>
		<pose>Unspecified</pose>
		<truncated>0</truncated>
		<difficult>0</difficult>
		<occluded>0</occluded>
		<bndbox>
			<xmin>1</xmin>
			<xmax>411</xmax>
			<ymin>3</ymin>
			<ymax>402</ymax>
		</bndbox>
	</object>
</annotation>
