<annotation>
	<folder></folder>
	<filename>KakaoTalk_20210712_210934694_04_jpg.rf.072ec5a8b1ad5cb7742d5b084cffb59b.jpg</filename>
	<path>KakaoTalk_20210712_210934694_04_jpg.rf.072ec5a8b1ad5cb7742d5b084cffb59b.jpg</path>
	<source>
		<database>roboflow.ai</database>
	</source>
	<size>
		<width>416</width>
		<height>416</height>
		<depth>3</depth>
	</size>
	<segmented>0</segmented>
	<object>
		<name>4</name>
		<pose>Unspecified</pose>
		<truncated>0</truncated>
		<difficult>0</difficult>
		<occluded>0</occluded>
		<bndbox>
			<xmin>5</xmin>
			<xmax>416</xmax>
			<ymin>8</ymin>
			<ymax>399</ymax>
		</bndbox>
	</object>
</annotation>
