<annotation>
	<folder></folder>
	<filename>KakaoTalk_20210712_210934694_07_jpg.rf.2f45da03553db1ba4156dc03a49b8f4c.jpg</filename>
	<path>KakaoTalk_20210712_210934694_07_jpg.rf.2f45da03553db1ba4156dc03a49b8f4c.jpg</path>
	<source>
		<database>roboflow.ai</database>
	</source>
	<size>
		<width>416</width>
		<height>416</height>
		<depth>3</depth>
	</size>
	<segmented>0</segmented>
	<object>
		<name>4</name>
		<pose>Unspecified</pose>
		<truncated>0</truncated>
		<difficult>0</difficult>
		<occluded>0</occluded>
		<bndbox>
			<xmin>2</xmin>
			<xmax>411</xmax>
			<ymin>150</ymin>
			<ymax>359</ymax>
		</bndbox>
	</object>
</annotation>
