<annotation>
	<folder></folder>
	<filename>KakaoTalk_20210712_210934694_08_jpg.rf.d60449f88f47575833bd244bc5bcfe0f.jpg</filename>
	<path>KakaoTalk_20210712_210934694_08_jpg.rf.d60449f88f47575833bd244bc5bcfe0f.jpg</path>
	<source>
		<database>roboflow.ai</database>
	</source>
	<size>
		<width>416</width>
		<height>416</height>
		<depth>3</depth>
	</size>
	<segmented>0</segmented>
	<object>
		<name>4</name>
		<pose>Unspecified</pose>
		<truncated>0</truncated>
		<difficult>0</difficult>
		<occluded>0</occluded>
		<bndbox>
			<xmin>2</xmin>
			<xmax>69</xmax>
			<ymin>88</ymin>
			<ymax>309</ymax>
		</bndbox>
	</object>
</annotation>
