<annotation>
	<folder></folder>
	<filename>KakaoTalk_20210714_230705118_07_jpg.rf.0709c3241b031ff30c1f2d6d84e5e89c.jpg</filename>
	<path>KakaoTalk_20210714_230705118_07_jpg.rf.0709c3241b031ff30c1f2d6d84e5e89c.jpg</path>
	<source>
		<database>roboflow.ai</database>
	</source>
	<size>
		<width>416</width>
		<height>416</height>
		<depth>3</depth>
	</size>
	<segmented>0</segmented>
	<object>
		<name>6</name>
		<pose>Unspecified</pose>
		<truncated>0</truncated>
		<difficult>0</difficult>
		<occluded>0</occluded>
		<bndbox>
			<xmin>98</xmin>
			<xmax>321</xmax>
			<ymin>100</ymin>
			<ymax>279</ymax>
		</bndbox>
	</object>
</annotation>
