<annotation>
	<folder></folder>
	<filename>KakaoTalk_20210714_230705118_02_jpg.rf.762df15e8e0f21b69fc8849fc7c218ed.jpg</filename>
	<path>KakaoTalk_20210714_230705118_02_jpg.rf.762df15e8e0f21b69fc8849fc7c218ed.jpg</path>
	<source>
		<database>roboflow.ai</database>
	</source>
	<size>
		<width>416</width>
		<height>416</height>
		<depth>3</depth>
	</size>
	<segmented>0</segmented>
	<object>
		<name>6</name>
		<pose>Unspecified</pose>
		<truncated>0</truncated>
		<difficult>0</difficult>
		<occluded>0</occluded>
		<bndbox>
			<xmin>144</xmin>
			<xmax>339</xmax>
			<ymin>124</ymin>
			<ymax>288</ymax>
		</bndbox>
	</object>
</annotation>
