<annotation>
	<folder></folder>
	<filename>KakaoTalk_20210714_230705118_13_jpg.rf.9e9b5dfdae8bb5f39e90e82e10f008ef.jpg</filename>
	<path>KakaoTalk_20210714_230705118_13_jpg.rf.9e9b5dfdae8bb5f39e90e82e10f008ef.jpg</path>
	<source>
		<database>roboflow.ai</database>
	</source>
	<size>
		<width>416</width>
		<height>416</height>
		<depth>3</depth>
	</size>
	<segmented>0</segmented>
	<object>
		<name>6</name>
		<pose>Unspecified</pose>
		<truncated>0</truncated>
		<difficult>0</difficult>
		<occluded>0</occluded>
		<bndbox>
			<xmin>58</xmin>
			<xmax>390</xmax>
			<ymin>128</ymin>
			<ymax>272</ymax>
		</bndbox>
	</object>
</annotation>
