<annotation>
	<folder></folder>
	<filename>KakaoTalk_20210714_230705118_01_jpg.rf.e2cd0c45d7c7b692eee08a56052421a0.jpg</filename>
	<path>KakaoTalk_20210714_230705118_01_jpg.rf.e2cd0c45d7c7b692eee08a56052421a0.jpg</path>
	<source>
		<database>roboflow.ai</database>
	</source>
	<size>
		<width>416</width>
		<height>416</height>
		<depth>3</depth>
	</size>
	<segmented>0</segmented>
	<object>
		<name>6</name>
		<pose>Unspecified</pose>
		<truncated>0</truncated>
		<difficult>0</difficult>
		<occluded>0</occluded>
		<bndbox>
			<xmin>37</xmin>
			<xmax>374</xmax>
			<ymin>53</ymin>
			<ymax>381</ymax>
		</bndbox>
	</object>
</annotation>
