<annotation>
	<folder></folder>
	<filename>KakaoTalk_20210714_230705118_08_jpg.rf.1ffc1403ed895bad6683206587047886.jpg</filename>
	<path>KakaoTalk_20210714_230705118_08_jpg.rf.1ffc1403ed895bad6683206587047886.jpg</path>
	<source>
		<database>roboflow.ai</database>
	</source>
	<size>
		<width>416</width>
		<height>416</height>
		<depth>3</depth>
	</size>
	<segmented>0</segmented>
	<object>
		<name>6</name>
		<pose>Unspecified</pose>
		<truncated>0</truncated>
		<difficult>0</difficult>
		<occluded>0</occluded>
		<bndbox>
			<xmin>125</xmin>
			<xmax>317</xmax>
			<ymin>128</ymin>
			<ymax>293</ymax>
		</bndbox>
	</object>
</annotation>
