<annotation>
	<folder></folder>
	<filename>KakaoTalk_20210714_230705118_05_jpg.rf.49efa30f22ff609b65c8dd33612efc7e.jpg</filename>
	<path>KakaoTalk_20210714_230705118_05_jpg.rf.49efa30f22ff609b65c8dd33612efc7e.jpg</path>
	<source>
		<database>roboflow.ai</database>
	</source>
	<size>
		<width>416</width>
		<height>416</height>
		<depth>3</depth>
	</size>
	<segmented>0</segmented>
	<object>
		<name>6</name>
		<pose>Unspecified</pose>
		<truncated>0</truncated>
		<difficult>0</difficult>
		<occluded>0</occluded>
		<bndbox>
			<xmin>91</xmin>
			<xmax>358</xmax>
			<ymin>116</ymin>
			<ymax>313</ymax>
		</bndbox>
	</object>
</annotation>
