<annotation>
	<folder></folder>
	<filename>KakaoTalk_20210714_230705118_03_jpg.rf.7dbc50e66f241966d0eebc1c80bc625a.jpg</filename>
	<path>KakaoTalk_20210714_230705118_03_jpg.rf.7dbc50e66f241966d0eebc1c80bc625a.jpg</path>
	<source>
		<database>roboflow.ai</database>
	</source>
	<size>
		<width>416</width>
		<height>416</height>
		<depth>3</depth>
	</size>
	<segmented>0</segmented>
	<object>
		<name>6</name>
		<pose>Unspecified</pose>
		<truncated>0</truncated>
		<difficult>0</difficult>
		<occluded>0</occluded>
		<bndbox>
			<xmin>105</xmin>
			<xmax>310</xmax>
			<ymin>114</ymin>
			<ymax>284</ymax>
		</bndbox>
	</object>
</annotation>
