<annotation>
	<folder></folder>
	<filename>KakaoTalk_20210714_230705118_10_jpg.rf.7b0b5ac4854c770931de9ec2b38752eb.jpg</filename>
	<path>KakaoTalk_20210714_230705118_10_jpg.rf.7b0b5ac4854c770931de9ec2b38752eb.jpg</path>
	<source>
		<database>roboflow.ai</database>
	</source>
	<size>
		<width>416</width>
		<height>416</height>
		<depth>3</depth>
	</size>
	<segmented>0</segmented>
	<object>
		<name>6</name>
		<pose>Unspecified</pose>
		<truncated>0</truncated>
		<difficult>0</difficult>
		<occluded>0</occluded>
		<bndbox>
			<xmin>53</xmin>
			<xmax>387</xmax>
			<ymin>148</ymin>
			<ymax>291</ymax>
		</bndbox>
	</object>
</annotation>
