<annotation>
	<folder></folder>
	<filename>KakaoTalk_20210714_230705118_14_jpg.rf.e1514a745c40de69d14b4d364ccfd381.jpg</filename>
	<path>KakaoTalk_20210714_230705118_14_jpg.rf.e1514a745c40de69d14b4d364ccfd381.jpg</path>
	<source>
		<database>roboflow.ai</database>
	</source>
	<size>
		<width>416</width>
		<height>416</height>
		<depth>3</depth>
	</size>
	<segmented>0</segmented>
	<object>
		<name>6</name>
		<pose>Unspecified</pose>
		<truncated>0</truncated>
		<difficult>0</difficult>
		<occluded>0</occluded>
		<bndbox>
			<xmin>86</xmin>
			<xmax>414</xmax>
			<ymin>138</ymin>
			<ymax>284</ymax>
		</bndbox>
	</object>
</annotation>
