<annotation>
	<folder></folder>
	<filename>KakaoTalk_20210714_230705118_12_jpg.rf.5f42e0ccdd61b0bd248c1a88c24b2004.jpg</filename>
	<path>KakaoTalk_20210714_230705118_12_jpg.rf.5f42e0ccdd61b0bd248c1a88c24b2004.jpg</path>
	<source>
		<database>roboflow.ai</database>
	</source>
	<size>
		<width>416</width>
		<height>416</height>
		<depth>3</depth>
	</size>
	<segmented>0</segmented>
	<object>
		<name>6</name>
		<pose>Unspecified</pose>
		<truncated>0</truncated>
		<difficult>0</difficult>
		<occluded>0</occluded>
		<bndbox>
			<xmin>29</xmin>
			<xmax>363</xmax>
			<ymin>145</ymin>
			<ymax>320</ymax>
		</bndbox>
	</object>
</annotation>
