<annotation>
	<folder></folder>
	<filename>KakaoTalk_20210714_230705118_11_jpg.rf.c39d216cea036d11b08af093203bc7e3.jpg</filename>
	<path>KakaoTalk_20210714_230705118_11_jpg.rf.c39d216cea036d11b08af093203bc7e3.jpg</path>
	<source>
		<database>roboflow.ai</database>
	</source>
	<size>
		<width>416</width>
		<height>416</height>
		<depth>3</depth>
	</size>
	<segmented>0</segmented>
	<object>
		<name>6</name>
		<pose>Unspecified</pose>
		<truncated>0</truncated>
		<difficult>0</difficult>
		<occluded>0</occluded>
		<bndbox>
			<xmin>47</xmin>
			<xmax>374</xmax>
			<ymin>138</ymin>
			<ymax>288</ymax>
		</bndbox>
	</object>
</annotation>
