<annotation>
	<folder></folder>
	<filename>KakaoTalk_20210714_230705118_jpg.rf.0bcd68fe03e912bfb7017be48267fdf9.jpg</filename>
	<path>KakaoTalk_20210714_230705118_jpg.rf.0bcd68fe03e912bfb7017be48267fdf9.jpg</path>
	<source>
		<database>roboflow.ai</database>
	</source>
	<size>
		<width>416</width>
		<height>416</height>
		<depth>3</depth>
	</size>
	<segmented>0</segmented>
	<object>
		<name>6</name>
		<pose>Unspecified</pose>
		<truncated>0</truncated>
		<difficult>0</difficult>
		<occluded>0</occluded>
		<bndbox>
			<xmin>10</xmin>
			<xmax>402</xmax>
			<ymin>39</ymin>
			<ymax>412</ymax>
		</bndbox>
	</object>
</annotation>
