<annotation>
	<folder></folder>
	<filename>KakaoTalk_20210714_230705118_06_jpg.rf.85500342699bc6a9795feb9c4e039f2a.jpg</filename>
	<path>KakaoTalk_20210714_230705118_06_jpg.rf.85500342699bc6a9795feb9c4e039f2a.jpg</path>
	<source>
		<database>roboflow.ai</database>
	</source>
	<size>
		<width>416</width>
		<height>416</height>
		<depth>3</depth>
	</size>
	<segmented>0</segmented>
	<object>
		<name>6</name>
		<pose>Unspecified</pose>
		<truncated>0</truncated>
		<difficult>0</difficult>
		<occluded>0</occluded>
		<bndbox>
			<xmin>102</xmin>
			<xmax>339</xmax>
			<ymin>96</ymin>
			<ymax>300</ymax>
		</bndbox>
	</object>
</annotation>
