<annotation>
	<folder></folder>
	<filename>KakaoTalk_20210714_230705118_04_jpg.rf.56db18d7f9b4ea7d2fb1f7c364a05714.jpg</filename>
	<path>KakaoTalk_20210714_230705118_04_jpg.rf.56db18d7f9b4ea7d2fb1f7c364a05714.jpg</path>
	<source>
		<database>roboflow.ai</database>
	</source>
	<size>
		<width>416</width>
		<height>416</height>
		<depth>3</depth>
	</size>
	<segmented>0</segmented>
	<object>
		<name>6</name>
		<pose>Unspecified</pose>
		<truncated>0</truncated>
		<difficult>0</difficult>
		<occluded>0</occluded>
		<bndbox>
			<xmin>115</xmin>
			<xmax>327</xmax>
			<ymin>122</ymin>
			<ymax>308</ymax>
		</bndbox>
	</object>
</annotation>
