<annotation>
	<folder></folder>
	<filename>KakaoTalk_20210714_230705118_09_jpg.rf.f2208ee49cc7f8229247857b9a69c1fe.jpg</filename>
	<path>KakaoTalk_20210714_230705118_09_jpg.rf.f2208ee49cc7f8229247857b9a69c1fe.jpg</path>
	<source>
		<database>roboflow.ai</database>
	</source>
	<size>
		<width>416</width>
		<height>416</height>
		<depth>3</depth>
	</size>
	<segmented>0</segmented>
	<object>
		<name>6</name>
		<pose>Unspecified</pose>
		<truncated>0</truncated>
		<difficult>0</difficult>
		<occluded>0</occluded>
		<bndbox>
			<xmin>7</xmin>
			<xmax>372</xmax>
			<ymin>152</ymin>
			<ymax>291</ymax>
		</bndbox>
	</object>
</annotation>
