<annotation>
	<folder></folder>
	<filename>KakaoTalk_20210712_210838620_24_jpg.rf.e043c1caf6853d5270894c26e9a3cc99.jpg</filename>
	<path>KakaoTalk_20210712_210838620_24_jpg.rf.e043c1caf6853d5270894c26e9a3cc99.jpg</path>
	<source>
		<database>roboflow.ai</database>
	</source>
	<size>
		<width>416</width>
		<height>416</height>
		<depth>3</depth>
	</size>
	<segmented>0</segmented>
	<object>
		<name>9</name>
		<pose>Unspecified</pose>
		<truncated>0</truncated>
		<difficult>0</difficult>
		<occluded>0</occluded>
		<bndbox>
			<xmin>3</xmin>
			<xmax>407</xmax>
			<ymin>23</ymin>
			<ymax>365</ymax>
		</bndbox>
	</object>
</annotation>
