<annotation>
	<folder></folder>
	<filename>KakaoTalk_20210712_210838620_05_jpg.rf.1e4b3c6bd18c5aa81a960493405ca850.jpg</filename>
	<path>KakaoTalk_20210712_210838620_05_jpg.rf.1e4b3c6bd18c5aa81a960493405ca850.jpg</path>
	<source>
		<database>roboflow.ai</database>
	</source>
	<size>
		<width>416</width>
		<height>416</height>
		<depth>3</depth>
	</size>
	<segmented>0</segmented>
	<object>
		<name>9</name>
		<pose>Unspecified</pose>
		<truncated>0</truncated>
		<difficult>0</difficult>
		<occluded>0</occluded>
		<bndbox>
			<xmin>1</xmin>
			<xmax>416</xmax>
			<ymin>25</ymin>
			<ymax>283</ymax>
		</bndbox>
	</object>
</annotation>
