<annotation>
	<folder></folder>
	<filename>KakaoTalk_20210712_210838620_jpg.rf.c20f5d9b25c8d850c8197ad0e9522509.jpg</filename>
	<path>KakaoTalk_20210712_210838620_jpg.rf.c20f5d9b25c8d850c8197ad0e9522509.jpg</path>
	<source>
		<database>roboflow.ai</database>
	</source>
	<size>
		<width>416</width>
		<height>416</height>
		<depth>3</depth>
	</size>
	<segmented>0</segmented>
	<object>
		<name>9</name>
		<pose>Unspecified</pose>
		<truncated>0</truncated>
		<difficult>0</difficult>
		<occluded>0</occluded>
		<bndbox>
			<xmin>21</xmin>
			<xmax>390</xmax>
			<ymin>3</ymin>
			<ymax>365</ymax>
		</bndbox>
	</object>
</annotation>
