<annotation>
	<folder></folder>
	<filename>KakaoTalk_20210712_210838620_01_jpg.rf.c3046a78faab8fdbabc21a36a4e4da9e.jpg</filename>
	<path>KakaoTalk_20210712_210838620_01_jpg.rf.c3046a78faab8fdbabc21a36a4e4da9e.jpg</path>
	<source>
		<database>roboflow.ai</database>
	</source>
	<size>
		<width>416</width>
		<height>416</height>
		<depth>3</depth>
	</size>
	<segmented>0</segmented>
	<object>
		<name>9</name>
		<pose>Unspecified</pose>
		<truncated>0</truncated>
		<difficult>0</difficult>
		<occluded>0</occluded>
		<bndbox>
			<xmin>16</xmin>
			<xmax>414</xmax>
			<ymin>1</ymin>
			<ymax>350</ymax>
		</bndbox>
	</object>
</annotation>
