<annotation>
	<folder></folder>
	<filename>KakaoTalk_20210712_210838620_13_jpg.rf.9e90403a59f1e22b86e777b58d3e3011.jpg</filename>
	<path>KakaoTalk_20210712_210838620_13_jpg.rf.9e90403a59f1e22b86e777b58d3e3011.jpg</path>
	<source>
		<database>roboflow.ai</database>
	</source>
	<size>
		<width>416</width>
		<height>416</height>
		<depth>3</depth>
	</size>
	<segmented>0</segmented>
	<object>
		<name>9</name>
		<pose>Unspecified</pose>
		<truncated>0</truncated>
		<difficult>0</difficult>
		<occluded>0</occluded>
		<bndbox>
			<xmin>1</xmin>
			<xmax>30</xmax>
			<ymin>321</ymin>
			<ymax>375</ymax>
		</bndbox>
	</object>
</annotation>
