<annotation>
	<folder></folder>
	<filename>KakaoTalk_20210712_210838620_18_jpg.rf.547efba9f590d69cc93512ecf901c22f.jpg</filename>
	<path>KakaoTalk_20210712_210838620_18_jpg.rf.547efba9f590d69cc93512ecf901c22f.jpg</path>
	<source>
		<database>roboflow.ai</database>
	</source>
	<size>
		<width>416</width>
		<height>416</height>
		<depth>3</depth>
	</size>
	<segmented>0</segmented>
	<object>
		<name>9</name>
		<pose>Unspecified</pose>
		<truncated>0</truncated>
		<difficult>0</difficult>
		<occluded>0</occluded>
		<bndbox>
			<xmin>6</xmin>
			<xmax>416</xmax>
			<ymin>1</ymin>
			<ymax>388</ymax>
		</bndbox>
	</object>
</annotation>
