<annotation>
	<folder></folder>
	<filename>KakaoTalk_20210712_210838620_07_jpg.rf.8c95ea482ff073b76872f62ab7f6ef18.jpg</filename>
	<path>KakaoTalk_20210712_210838620_07_jpg.rf.8c95ea482ff073b76872f62ab7f6ef18.jpg</path>
	<source>
		<database>roboflow.ai</database>
	</source>
	<size>
		<width>416</width>
		<height>416</height>
		<depth>3</depth>
	</size>
	<segmented>0</segmented>
	<object>
		<name>9</name>
		<pose>Unspecified</pose>
		<truncated>0</truncated>
		<difficult>0</difficult>
		<occluded>0</occluded>
		<bndbox>
			<xmin>11</xmin>
			<xmax>411</xmax>
			<ymin>26</ymin>
			<ymax>321</ymax>
		</bndbox>
	</object>
</annotation>
