<annotation>
	<folder></folder>
	<filename>KakaoTalk_20210712_210838620_09_jpg.rf.a4ff84dc1b13b2c23de0205d2d9b0bc2.jpg</filename>
	<path>KakaoTalk_20210712_210838620_09_jpg.rf.a4ff84dc1b13b2c23de0205d2d9b0bc2.jpg</path>
	<source>
		<database>roboflow.ai</database>
	</source>
	<size>
		<width>416</width>
		<height>416</height>
		<depth>3</depth>
	</size>
	<segmented>0</segmented>
	<object>
		<name>9</name>
		<pose>Unspecified</pose>
		<truncated>0</truncated>
		<difficult>0</difficult>
		<occluded>0</occluded>
		<bndbox>
			<xmin>30</xmin>
			<xmax>388</xmax>
			<ymin>3</ymin>
			<ymax>333</ymax>
		</bndbox>
	</object>
</annotation>
