<annotation>
	<folder></folder>
	<filename>KakaoTalk_20210712_210838620_21_jpg.rf.f54fd4ff213c674993bec82a8662de83.jpg</filename>
	<path>KakaoTalk_20210712_210838620_21_jpg.rf.f54fd4ff213c674993bec82a8662de83.jpg</path>
	<source>
		<database>roboflow.ai</database>
	</source>
	<size>
		<width>416</width>
		<height>416</height>
		<depth>3</depth>
	</size>
	<segmented>0</segmented>
	<object>
		<name>9</name>
		<pose>Unspecified</pose>
		<truncated>0</truncated>
		<difficult>0</difficult>
		<occluded>0</occluded>
		<bndbox>
			<xmin>4</xmin>
			<xmax>411</xmax>
			<ymin>5</ymin>
			<ymax>414</ymax>
		</bndbox>
	</object>
</annotation>
