<annotation>
	<folder></folder>
	<filename>KakaoTalk_20210712_210838620_20_jpg.rf.27bc07e4f62cb756ca4c7557c313957e.jpg</filename>
	<path>KakaoTalk_20210712_210838620_20_jpg.rf.27bc07e4f62cb756ca4c7557c313957e.jpg</path>
	<source>
		<database>roboflow.ai</database>
	</source>
	<size>
		<width>416</width>
		<height>416</height>
		<depth>3</depth>
	</size>
	<segmented>0</segmented>
	<object>
		<name>9</name>
		<pose>Unspecified</pose>
		<truncated>0</truncated>
		<difficult>0</difficult>
		<occluded>0</occluded>
		<bndbox>
			<xmin>1</xmin>
			<xmax>406</xmax>
			<ymin>3</ymin>
			<ymax>415</ymax>
		</bndbox>
	</object>
</annotation>
