<annotation>
	<folder></folder>
	<filename>KakaoTalk_20210712_210838620_19_jpg.rf.6f8e894dac5172c9f4562cc685340043.jpg</filename>
	<path>KakaoTalk_20210712_210838620_19_jpg.rf.6f8e894dac5172c9f4562cc685340043.jpg</path>
	<source>
		<database>roboflow.ai</database>
	</source>
	<size>
		<width>416</width>
		<height>416</height>
		<depth>3</depth>
	</size>
	<segmented>0</segmented>
	<object>
		<name>9</name>
		<pose>Unspecified</pose>
		<truncated>0</truncated>
		<difficult>0</difficult>
		<occluded>0</occluded>
		<bndbox>
			<xmin>1</xmin>
			<xmax>408</xmax>
			<ymin>3</ymin>
			<ymax>414</ymax>
		</bndbox>
	</object>
</annotation>
