<annotation>
	<folder></folder>
	<filename>KakaoTalk_20210712_210838620_06_jpg.rf.b20714197a59f7d94615e7c166fa2cc8.jpg</filename>
	<path>KakaoTalk_20210712_210838620_06_jpg.rf.b20714197a59f7d94615e7c166fa2cc8.jpg</path>
	<source>
		<database>roboflow.ai</database>
	</source>
	<size>
		<width>416</width>
		<height>416</height>
		<depth>3</depth>
	</size>
	<segmented>0</segmented>
	<object>
		<name>9</name>
		<pose>Unspecified</pose>
		<truncated>0</truncated>
		<difficult>0</difficult>
		<occluded>0</occluded>
		<bndbox>
			<xmin>12</xmin>
			<xmax>414</xmax>
			<ymin>12</ymin>
			<ymax>411</ymax>
		</bndbox>
	</object>
</annotation>
