<annotation>
	<folder></folder>
	<filename>KakaoTalk_20210712_210838620_23_jpg.rf.cd8b8cda8b2a433caf309f929b08a168.jpg</filename>
	<path>KakaoTalk_20210712_210838620_23_jpg.rf.cd8b8cda8b2a433caf309f929b08a168.jpg</path>
	<source>
		<database>roboflow.ai</database>
	</source>
	<size>
		<width>416</width>
		<height>416</height>
		<depth>3</depth>
	</size>
	<segmented>0</segmented>
	<object>
		<name>9</name>
		<pose>Unspecified</pose>
		<truncated>0</truncated>
		<difficult>0</difficult>
		<occluded>0</occluded>
		<bndbox>
			<xmin>33</xmin>
			<xmax>413</xmax>
			<ymin>29</ymin>
			<ymax>380</ymax>
		</bndbox>
	</object>
</annotation>
