<annotation>
	<folder></folder>
	<filename>KakaoTalk_20210712_210838620_11_jpg.rf.5df36dd1f51f44c0c50337e3d2937567.jpg</filename>
	<path>KakaoTalk_20210712_210838620_11_jpg.rf.5df36dd1f51f44c0c50337e3d2937567.jpg</path>
	<source>
		<database>roboflow.ai</database>
	</source>
	<size>
		<width>416</width>
		<height>416</height>
		<depth>3</depth>
	</size>
	<segmented>0</segmented>
	<object>
		<name>9</name>
		<pose>Unspecified</pose>
		<truncated>0</truncated>
		<difficult>0</difficult>
		<occluded>0</occluded>
		<bndbox>
			<xmin>42</xmin>
			<xmax>356</xmax>
			<ymin>2</ymin>
			<ymax>415</ymax>
		</bndbox>
	</object>
</annotation>
