<annotation>
	<folder></folder>
	<filename>KakaoTalk_20210712_210838620_03_jpg.rf.01a2c11d329102e667be9372736bb754.jpg</filename>
	<path>KakaoTalk_20210712_210838620_03_jpg.rf.01a2c11d329102e667be9372736bb754.jpg</path>
	<source>
		<database>roboflow.ai</database>
	</source>
	<size>
		<width>416</width>
		<height>416</height>
		<depth>3</depth>
	</size>
	<segmented>0</segmented>
	<object>
		<name>9</name>
		<pose>Unspecified</pose>
		<truncated>0</truncated>
		<difficult>0</difficult>
		<occluded>0</occluded>
		<bndbox>
			<xmin>22</xmin>
			<xmax>412</xmax>
			<ymin>3</ymin>
			<ymax>319</ymax>
		</bndbox>
	</object>
</annotation>
