<annotation>
	<folder></folder>
	<filename>KakaoTalk_20210712_210838620_22_jpg.rf.168360475a383aa95c9c46f77c6b7805.jpg</filename>
	<path>KakaoTalk_20210712_210838620_22_jpg.rf.168360475a383aa95c9c46f77c6b7805.jpg</path>
	<source>
		<database>roboflow.ai</database>
	</source>
	<size>
		<width>416</width>
		<height>416</height>
		<depth>3</depth>
	</size>
	<segmented>0</segmented>
	<object>
		<name>9</name>
		<pose>Unspecified</pose>
		<truncated>0</truncated>
		<difficult>0</difficult>
		<occluded>0</occluded>
		<bndbox>
			<xmin>41</xmin>
			<xmax>412</xmax>
			<ymin>15</ymin>
			<ymax>388</ymax>
		</bndbox>
	</object>
</annotation>
