<annotation>
	<folder></folder>
	<filename>KakaoTalk_20210712_210838620_10_jpg.rf.222e2dfc7a78d7d58ce6a2f80f08c80c.jpg</filename>
	<path>KakaoTalk_20210712_210838620_10_jpg.rf.222e2dfc7a78d7d58ce6a2f80f08c80c.jpg</path>
	<source>
		<database>roboflow.ai</database>
	</source>
	<size>
		<width>416</width>
		<height>416</height>
		<depth>3</depth>
	</size>
	<segmented>0</segmented>
	<object>
		<name>9</name>
		<pose>Unspecified</pose>
		<truncated>0</truncated>
		<difficult>0</difficult>
		<occluded>0</occluded>
		<bndbox>
			<xmin>15</xmin>
			<xmax>410</xmax>
			<ymin>2</ymin>
			<ymax>370</ymax>
		</bndbox>
	</object>
</annotation>
