<annotation>
	<folder></folder>
	<filename>KakaoTalk_20210712_210838620_08_jpg.rf.cbd924a49b5c2fb74443d464b5b34b56.jpg</filename>
	<path>KakaoTalk_20210712_210838620_08_jpg.rf.cbd924a49b5c2fb74443d464b5b34b56.jpg</path>
	<source>
		<database>roboflow.ai</database>
	</source>
	<size>
		<width>416</width>
		<height>416</height>
		<depth>3</depth>
	</size>
	<segmented>0</segmented>
	<object>
		<name>9</name>
		<pose>Unspecified</pose>
		<truncated>0</truncated>
		<difficult>0</difficult>
		<occluded>0</occluded>
		<bndbox>
			<xmin>22</xmin>
			<xmax>397</xmax>
			<ymin>18</ymin>
			<ymax>374</ymax>
		</bndbox>
	</object>
</annotation>
