<annotation>
	<folder></folder>
	<filename>KakaoTalk_20210712_210838620_02_jpg.rf.a3760cf150f781bf4d25f00447a3814e.jpg</filename>
	<path>KakaoTalk_20210712_210838620_02_jpg.rf.a3760cf150f781bf4d25f00447a3814e.jpg</path>
	<source>
		<database>roboflow.ai</database>
	</source>
	<size>
		<width>416</width>
		<height>416</height>
		<depth>3</depth>
	</size>
	<segmented>0</segmented>
	<object>
		<name>9</name>
		<pose>Unspecified</pose>
		<truncated>0</truncated>
		<difficult>0</difficult>
		<occluded>0</occluded>
		<bndbox>
			<xmin>23</xmin>
			<xmax>417</xmax>
			<ymin>2</ymin>
			<ymax>374</ymax>
		</bndbox>
	</object>
</annotation>
