<annotation>
	<folder></folder>
	<filename>KakaoTalk_20210712_210838620_15_jpg.rf.38d6006f3f68112c43ef7e07be2a9c24.jpg</filename>
	<path>KakaoTalk_20210712_210838620_15_jpg.rf.38d6006f3f68112c43ef7e07be2a9c24.jpg</path>
	<source>
		<database>roboflow.ai</database>
	</source>
	<size>
		<width>416</width>
		<height>416</height>
		<depth>3</depth>
	</size>
	<segmented>0</segmented>
	<object>
		<name>9</name>
		<pose>Unspecified</pose>
		<truncated>0</truncated>
		<difficult>0</difficult>
		<occluded>0</occluded>
		<bndbox>
			<xmin>70</xmin>
			<xmax>416</xmax>
			<ymin>1</ymin>
			<ymax>349</ymax>
		</bndbox>
	</object>
</annotation>
