<annotation>
	<folder></folder>
	<filename>KakaoTalk_20210712_210838620_16_jpg.rf.a37cc798a1ee1c5285ae8e507ae33563.jpg</filename>
	<path>KakaoTalk_20210712_210838620_16_jpg.rf.a37cc798a1ee1c5285ae8e507ae33563.jpg</path>
	<source>
		<database>roboflow.ai</database>
	</source>
	<size>
		<width>416</width>
		<height>416</height>
		<depth>3</depth>
	</size>
	<segmented>0</segmented>
	<object>
		<name>9</name>
		<pose>Unspecified</pose>
		<truncated>0</truncated>
		<difficult>0</difficult>
		<occluded>0</occluded>
		<bndbox>
			<xmin>1</xmin>
			<xmax>410</xmax>
			<ymin>4</ymin>
			<ymax>416</ymax>
		</bndbox>
	</object>
</annotation>
