<annotation>
	<folder></folder>
	<filename>KakaoTalk_20210712_210838620_04_jpg.rf.698a400ba4512631b63425ff3e27ba3b.jpg</filename>
	<path>KakaoTalk_20210712_210838620_04_jpg.rf.698a400ba4512631b63425ff3e27ba3b.jpg</path>
	<source>
		<database>roboflow.ai</database>
	</source>
	<size>
		<width>416</width>
		<height>416</height>
		<depth>3</depth>
	</size>
	<segmented>0</segmented>
	<object>
		<name>9</name>
		<pose>Unspecified</pose>
		<truncated>0</truncated>
		<difficult>0</difficult>
		<occluded>0</occluded>
		<bndbox>
			<xmin>2</xmin>
			<xmax>416</xmax>
			<ymin>7</ymin>
			<ymax>272</ymax>
		</bndbox>
	</object>
</annotation>
