<annotation>
	<folder></folder>
	<filename>KakaoTalk_20210714_230309514_09_jpg.rf.39ab807eebe45e8611316c470fba4272.jpg</filename>
	<path>KakaoTalk_20210714_230309514_09_jpg.rf.39ab807eebe45e8611316c470fba4272.jpg</path>
	<source>
		<database>roboflow.ai</database>
	</source>
	<size>
		<width>416</width>
		<height>416</height>
		<depth>3</depth>
	</size>
	<segmented>0</segmented>
	<object>
		<name>7</name>
		<pose>Unspecified</pose>
		<truncated>0</truncated>
		<difficult>0</difficult>
		<occluded>0</occluded>
		<bndbox>
			<xmin>8</xmin>
			<xmax>417</xmax>
			<ymin>20</ymin>
			<ymax>411</ymax>
		</bndbox>
	</object>
</annotation>
