<annotation>
	<folder></folder>
	<filename>KakaoTalk_20210714_230309514_15_jpg.rf.fa26ac6d36698f3bcb41bdd23d9526bf.jpg</filename>
	<path>KakaoTalk_20210714_230309514_15_jpg.rf.fa26ac6d36698f3bcb41bdd23d9526bf.jpg</path>
	<source>
		<database>roboflow.ai</database>
	</source>
	<size>
		<width>416</width>
		<height>416</height>
		<depth>3</depth>
	</size>
	<segmented>0</segmented>
	<object>
		<name>7</name>
		<pose>Unspecified</pose>
		<truncated>0</truncated>
		<difficult>0</difficult>
		<occluded>0</occluded>
		<bndbox>
			<xmin>1</xmin>
			<xmax>417</xmax>
			<ymin>128</ymin>
			<ymax>368</ymax>
		</bndbox>
	</object>
</annotation>
