<annotation>
	<folder></folder>
	<filename>KakaoTalk_20210714_230309514_06_jpg.rf.f15b451d2e3e8d9e80b7d75c05b95847.jpg</filename>
	<path>KakaoTalk_20210714_230309514_06_jpg.rf.f15b451d2e3e8d9e80b7d75c05b95847.jpg</path>
	<source>
		<database>roboflow.ai</database>
	</source>
	<size>
		<width>416</width>
		<height>416</height>
		<depth>3</depth>
	</size>
	<segmented>0</segmented>
	<object>
		<name>7</name>
		<pose>Unspecified</pose>
		<truncated>0</truncated>
		<difficult>0</difficult>
		<occluded>0</occluded>
		<bndbox>
			<xmin>1</xmin>
			<xmax>393</xmax>
			<ymin>85</ymin>
			<ymax>368</ymax>
		</bndbox>
	</object>
</annotation>
