<annotation>
	<folder></folder>
	<filename>KakaoTalk_20210714_230309514_04_jpg.rf.721bac04c458ba62f03178545db587ff.jpg</filename>
	<path>KakaoTalk_20210714_230309514_04_jpg.rf.721bac04c458ba62f03178545db587ff.jpg</path>
	<source>
		<database>roboflow.ai</database>
	</source>
	<size>
		<width>416</width>
		<height>416</height>
		<depth>3</depth>
	</size>
	<segmented>0</segmented>
	<object>
		<name>7</name>
		<pose>Unspecified</pose>
		<truncated>0</truncated>
		<difficult>0</difficult>
		<occluded>0</occluded>
		<bndbox>
			<xmin>20</xmin>
			<xmax>389</xmax>
			<ymin>1</ymin>
			<ymax>398</ymax>
		</bndbox>
	</object>
</annotation>
