<annotation>
	<folder></folder>
	<filename>KakaoTalk_20210714_230309514_10_jpg.rf.d97799cf5e923ed1aad7edfa276efc2d.jpg</filename>
	<path>KakaoTalk_20210714_230309514_10_jpg.rf.d97799cf5e923ed1aad7edfa276efc2d.jpg</path>
	<source>
		<database>roboflow.ai</database>
	</source>
	<size>
		<width>416</width>
		<height>416</height>
		<depth>3</depth>
	</size>
	<segmented>0</segmented>
	<object>
		<name>7</name>
		<pose>Unspecified</pose>
		<truncated>0</truncated>
		<difficult>0</difficult>
		<occluded>0</occluded>
		<bndbox>
			<xmin>1</xmin>
			<xmax>402</xmax>
			<ymin>27</ymin>
			<ymax>359</ymax>
		</bndbox>
	</object>
</annotation>
