<annotation>
	<folder></folder>
	<filename>KakaoTalk_20210714_230309514_05_jpg.rf.10178b2e3eb4d6b6baf9f9af02e96007.jpg</filename>
	<path>KakaoTalk_20210714_230309514_05_jpg.rf.10178b2e3eb4d6b6baf9f9af02e96007.jpg</path>
	<source>
		<database>roboflow.ai</database>
	</source>
	<size>
		<width>416</width>
		<height>416</height>
		<depth>3</depth>
	</size>
	<segmented>0</segmented>
	<object>
		<name>7</name>
		<pose>Unspecified</pose>
		<truncated>0</truncated>
		<difficult>0</difficult>
		<occluded>0</occluded>
		<bndbox>
			<xmin>22</xmin>
			<xmax>417</xmax>
			<ymin>96</ymin>
			<ymax>394</ymax>
		</bndbox>
	</object>
</annotation>
