<annotation>
	<folder></folder>
	<filename>KakaoTalk_20210714_230309514_01_jpg.rf.d70783b8fa3cb4d064fcc5533d880b44.jpg</filename>
	<path>KakaoTalk_20210714_230309514_01_jpg.rf.d70783b8fa3cb4d064fcc5533d880b44.jpg</path>
	<source>
		<database>roboflow.ai</database>
	</source>
	<size>
		<width>416</width>
		<height>416</height>
		<depth>3</depth>
	</size>
	<segmented>0</segmented>
	<object>
		<name>7</name>
		<pose>Unspecified</pose>
		<truncated>0</truncated>
		<difficult>0</difficult>
		<occluded>0</occluded>
		<bndbox>
			<xmin>1</xmin>
			<xmax>417</xmax>
			<ymin>186</ymin>
			<ymax>383</ymax>
		</bndbox>
	</object>
</annotation>
