<annotation>
	<folder></folder>
	<filename>KakaoTalk_20210714_230309514_13_jpg.rf.b806129b9f2193ac80cc44b5cbd34ae3.jpg</filename>
	<path>KakaoTalk_20210714_230309514_13_jpg.rf.b806129b9f2193ac80cc44b5cbd34ae3.jpg</path>
	<source>
		<database>roboflow.ai</database>
	</source>
	<size>
		<width>416</width>
		<height>416</height>
		<depth>3</depth>
	</size>
	<segmented>0</segmented>
	<object>
		<name>7</name>
		<pose>Unspecified</pose>
		<truncated>0</truncated>
		<difficult>0</difficult>
		<occluded>0</occluded>
		<bndbox>
			<xmin>14</xmin>
			<xmax>416</xmax>
			<ymin>29</ymin>
			<ymax>383</ymax>
		</bndbox>
	</object>
</annotation>
