<annotation>
	<folder></folder>
	<filename>KakaoTalk_20210714_230309514_16_jpg.rf.d0e56c19a4132e6e3e9c4ebd7054088c.jpg</filename>
	<path>KakaoTalk_20210714_230309514_16_jpg.rf.d0e56c19a4132e6e3e9c4ebd7054088c.jpg</path>
	<source>
		<database>roboflow.ai</database>
	</source>
	<size>
		<width>416</width>
		<height>416</height>
		<depth>3</depth>
	</size>
	<segmented>0</segmented>
	<object>
		<name>7</name>
		<pose>Unspecified</pose>
		<truncated>0</truncated>
		<difficult>0</difficult>
		<occluded>0</occluded>
		<bndbox>
			<xmin>109</xmin>
			<xmax>417</xmax>
			<ymin>161</ymin>
			<ymax>375</ymax>
		</bndbox>
	</object>
</annotation>
