<annotation>
	<folder></folder>
	<filename>KakaoTalk_20210714_230309514_17_jpg.rf.430b306de231b64bca26a213d105b9d3.jpg</filename>
	<path>KakaoTalk_20210714_230309514_17_jpg.rf.430b306de231b64bca26a213d105b9d3.jpg</path>
	<source>
		<database>roboflow.ai</database>
	</source>
	<size>
		<width>416</width>
		<height>416</height>
		<depth>3</depth>
	</size>
	<segmented>0</segmented>
	<object>
		<name>7</name>
		<pose>Unspecified</pose>
		<truncated>0</truncated>
		<difficult>0</difficult>
		<occluded>0</occluded>
		<bndbox>
			<xmin>12</xmin>
			<xmax>417</xmax>
			<ymin>92</ymin>
			<ymax>385</ymax>
		</bndbox>
	</object>
</annotation>
