<annotation>
	<folder></folder>
	<filename>KakaoTalk_20210714_230309514_11_jpg.rf.30fc109a3dd2944889eb9cdd401f423f.jpg</filename>
	<path>KakaoTalk_20210714_230309514_11_jpg.rf.30fc109a3dd2944889eb9cdd401f423f.jpg</path>
	<source>
		<database>roboflow.ai</database>
	</source>
	<size>
		<width>416</width>
		<height>416</height>
		<depth>3</depth>
	</size>
	<segmented>0</segmented>
	<object>
		<name>7</name>
		<pose>Unspecified</pose>
		<truncated>0</truncated>
		<difficult>0</difficult>
		<occluded>0</occluded>
		<bndbox>
			<xmin>13</xmin>
			<xmax>415</xmax>
			<ymin>41</ymin>
			<ymax>407</ymax>
		</bndbox>
	</object>
</annotation>
