<annotation>
	<folder></folder>
	<filename>KakaoTalk_20210714_230309514_18_jpg.rf.5ac186ec9b53c91d93682efde3445753.jpg</filename>
	<path>KakaoTalk_20210714_230309514_18_jpg.rf.5ac186ec9b53c91d93682efde3445753.jpg</path>
	<source>
		<database>roboflow.ai</database>
	</source>
	<size>
		<width>416</width>
		<height>416</height>
		<depth>3</depth>
	</size>
	<segmented>0</segmented>
	<object>
		<name>7</name>
		<pose>Unspecified</pose>
		<truncated>0</truncated>
		<difficult>0</difficult>
		<occluded>0</occluded>
		<bndbox>
			<xmin>19</xmin>
			<xmax>417</xmax>
			<ymin>107</ymin>
			<ymax>375</ymax>
		</bndbox>
	</object>
</annotation>
