<annotation>
	<folder></folder>
	<filename>KakaoTalk_20210714_230309514_14_jpg.rf.a5219ef185c4b7b3fe9bb78c13dce590.jpg</filename>
	<path>KakaoTalk_20210714_230309514_14_jpg.rf.a5219ef185c4b7b3fe9bb78c13dce590.jpg</path>
	<source>
		<database>roboflow.ai</database>
	</source>
	<size>
		<width>416</width>
		<height>416</height>
		<depth>3</depth>
	</size>
	<segmented>0</segmented>
	<object>
		<name>7</name>
		<pose>Unspecified</pose>
		<truncated>0</truncated>
		<difficult>0</difficult>
		<occluded>0</occluded>
		<bndbox>
			<xmin>5</xmin>
			<xmax>417</xmax>
			<ymin>93</ymin>
			<ymax>401</ymax>
		</bndbox>
	</object>
</annotation>
