<annotation>
	<folder></folder>
	<filename>KakaoTalk_20210714_230309514_08_jpg.rf.6abfa4cb6c6c7a248f8fff6af5b822b8.jpg</filename>
	<path>KakaoTalk_20210714_230309514_08_jpg.rf.6abfa4cb6c6c7a248f8fff6af5b822b8.jpg</path>
	<source>
		<database>roboflow.ai</database>
	</source>
	<size>
		<width>416</width>
		<height>416</height>
		<depth>3</depth>
	</size>
	<segmented>0</segmented>
	<object>
		<name>7</name>
		<pose>Unspecified</pose>
		<truncated>0</truncated>
		<difficult>0</difficult>
		<occluded>0</occluded>
		<bndbox>
			<xmin>9</xmin>
			<xmax>417</xmax>
			<ymin>36</ymin>
			<ymax>399</ymax>
		</bndbox>
	</object>
</annotation>
