<annotation>
	<folder></folder>
	<filename>KakaoTalk_20210714_230309514_07_jpg.rf.8ef04e42829a84d01eceea7bd8c5b60f.jpg</filename>
	<path>KakaoTalk_20210714_230309514_07_jpg.rf.8ef04e42829a84d01eceea7bd8c5b60f.jpg</path>
	<source>
		<database>roboflow.ai</database>
	</source>
	<size>
		<width>416</width>
		<height>416</height>
		<depth>3</depth>
	</size>
	<segmented>0</segmented>
	<object>
		<name>7</name>
		<pose>Unspecified</pose>
		<truncated>0</truncated>
		<difficult>0</difficult>
		<occluded>0</occluded>
		<bndbox>
			<xmin>1</xmin>
			<xmax>416</xmax>
			<ymin>1</ymin>
			<ymax>407</ymax>
		</bndbox>
	</object>
</annotation>
