<annotation>
	<folder></folder>
	<filename>KakaoTalk_20210714_230309514_jpg.rf.8fa3874db048c5c2b2fe0c2386a58ac9.jpg</filename>
	<path>KakaoTalk_20210714_230309514_jpg.rf.8fa3874db048c5c2b2fe0c2386a58ac9.jpg</path>
	<source>
		<database>roboflow.ai</database>
	</source>
	<size>
		<width>416</width>
		<height>416</height>
		<depth>3</depth>
	</size>
	<segmented>0</segmented>
	<object>
		<name>7</name>
		<pose>Unspecified</pose>
		<truncated>0</truncated>
		<difficult>0</difficult>
		<occluded>0</occluded>
		<bndbox>
			<xmin>1</xmin>
			<xmax>416</xmax>
			<ymin>1</ymin>
			<ymax>346</ymax>
		</bndbox>
	</object>
</annotation>
