<annotation>
	<folder></folder>
	<filename>KakaoTalk_20210714_230425641_11_jpg.rf.27404311450c8e5a17a4494d941e7efe.jpg</filename>
	<path>KakaoTalk_20210714_230425641_11_jpg.rf.27404311450c8e5a17a4494d941e7efe.jpg</path>
	<source>
		<database>roboflow.ai</database>
	</source>
	<size>
		<width>416</width>
		<height>416</height>
		<depth>3</depth>
	</size>
	<segmented>0</segmented>
	<object>
		<name>0</name>
		<pose>Unspecified</pose>
		<truncated>0</truncated>
		<difficult>0</difficult>
		<occluded>0</occluded>
		<bndbox>
			<xmin>3</xmin>
			<xmax>407</xmax>
			<ymin>6</ymin>
			<ymax>339</ymax>
		</bndbox>
	</object>
</annotation>
