<annotation>
	<folder></folder>
	<filename>KakaoTalk_20210714_230425641_23_jpg.rf.5ff6368ef6e77bc14b5bbd394273867c.jpg</filename>
	<path>KakaoTalk_20210714_230425641_23_jpg.rf.5ff6368ef6e77bc14b5bbd394273867c.jpg</path>
	<source>
		<database>roboflow.ai</database>
	</source>
	<size>
		<width>416</width>
		<height>416</height>
		<depth>3</depth>
	</size>
	<segmented>0</segmented>
	<object>
		<name>0</name>
		<pose>Unspecified</pose>
		<truncated>0</truncated>
		<difficult>0</difficult>
		<occluded>0</occluded>
		<bndbox>
			<xmin>30</xmin>
			<xmax>298</xmax>
			<ymin>57</ymin>
			<ymax>266</ymax>
		</bndbox>
	</object>
</annotation>
