<annotation>
	<folder></folder>
	<filename>KakaoTalk_20210714_230425641_07_jpg.rf.6f6c12fb1ea9d2810db8b7c5cf6a7246.jpg</filename>
	<path>KakaoTalk_20210714_230425641_07_jpg.rf.6f6c12fb1ea9d2810db8b7c5cf6a7246.jpg</path>
	<source>
		<database>roboflow.ai</database>
	</source>
	<size>
		<width>416</width>
		<height>416</height>
		<depth>3</depth>
	</size>
	<segmented>0</segmented>
	<object>
		<name>0</name>
		<pose>Unspecified</pose>
		<truncated>0</truncated>
		<difficult>0</difficult>
		<occluded>0</occluded>
		<bndbox>
			<xmin>3</xmin>
			<xmax>401</xmax>
			<ymin>52</ymin>
			<ymax>384</ymax>
		</bndbox>
	</object>
</annotation>
