<annotation>
	<folder></folder>
	<filename>KakaoTalk_20210714_230425641_09_jpg.rf.e4eaa15ca4620c3e15123b7251ceee2f.jpg</filename>
	<path>KakaoTalk_20210714_230425641_09_jpg.rf.e4eaa15ca4620c3e15123b7251ceee2f.jpg</path>
	<source>
		<database>roboflow.ai</database>
	</source>
	<size>
		<width>416</width>
		<height>416</height>
		<depth>3</depth>
	</size>
	<segmented>0</segmented>
	<object>
		<name>0</name>
		<pose>Unspecified</pose>
		<truncated>0</truncated>
		<difficult>0</difficult>
		<occluded>0</occluded>
		<bndbox>
			<xmin>2</xmin>
			<xmax>417</xmax>
			<ymin>1</ymin>
			<ymax>415</ymax>
		</bndbox>
	</object>
</annotation>
