<annotation>
	<folder></folder>
	<filename>KakaoTalk_20210714_204434474_20_jpg.rf.d75b43e0ed3b1f6f05031c8dba0d8447.jpg</filename>
	<path>KakaoTalk_20210714_204434474_20_jpg.rf.d75b43e0ed3b1f6f05031c8dba0d8447.jpg</path>
	<source>
		<database>roboflow.ai</database>
	</source>
	<size>
		<width>416</width>
		<height>416</height>
		<depth>3</depth>
	</size>
	<segmented>0</segmented>
	<object>
		<name>0</name>
		<pose>Unspecified</pose>
		<truncated>0</truncated>
		<difficult>0</difficult>
		<occluded>0</occluded>
		<bndbox>
			<xmin>5</xmin>
			<xmax>416</xmax>
			<ymin>88</ymin>
			<ymax>323</ymax>
		</bndbox>
	</object>
</annotation>
