<annotation>
	<folder></folder>
	<filename>KakaoTalk_20210714_230425641_10_jpg.rf.d3300929fb0260ebfd053204a551ec12.jpg</filename>
	<path>KakaoTalk_20210714_230425641_10_jpg.rf.d3300929fb0260ebfd053204a551ec12.jpg</path>
	<source>
		<database>roboflow.ai</database>
	</source>
	<size>
		<width>416</width>
		<height>416</height>
		<depth>3</depth>
	</size>
	<segmented>0</segmented>
	<object>
		<name>0</name>
		<pose>Unspecified</pose>
		<truncated>0</truncated>
		<difficult>0</difficult>
		<occluded>0</occluded>
		<bndbox>
			<xmin>1</xmin>
			<xmax>382</xmax>
			<ymin>5</ymin>
			<ymax>417</ymax>
		</bndbox>
	</object>
</annotation>
