<annotation>
	<folder></folder>
	<filename>KakaoTalk_20210714_230425641_17_jpg.rf.942e9b1037b5e3949f83b92339f9f0f3.jpg</filename>
	<path>KakaoTalk_20210714_230425641_17_jpg.rf.942e9b1037b5e3949f83b92339f9f0f3.jpg</path>
	<source>
		<database>roboflow.ai</database>
	</source>
	<size>
		<width>416</width>
		<height>416</height>
		<depth>3</depth>
	</size>
	<segmented>0</segmented>
	<object>
		<name>0</name>
		<pose>Unspecified</pose>
		<truncated>0</truncated>
		<difficult>0</difficult>
		<occluded>0</occluded>
		<bndbox>
			<xmin>3</xmin>
			<xmax>417</xmax>
			<ymin>116</ymin>
			<ymax>350</ymax>
		</bndbox>
	</object>
</annotation>
