<annotation>
	<folder />
	<filename>KakaoTalk_20210714_204434474_06_jpg.rf.7092638df8a4b8074f5be7fc710976bb.jpg</filename>
	<path>KakaoTalk_20210714_204434474_06_jpg.rf.7092638df8a4b8074f5be7fc710976bb.jpg</path>
	<source>
		<database>roboflow.ai</database>
	</source>
	<size>
		<width>416</width>
		<height>416</height>
		<depth>3</depth>
	</size>
	<segmented>0</segmented>
	<object>
		<name>0</name>
		<pose>Unspecified</pose>
		<truncated>0</truncated>
		<difficult>0</difficult>
		<occluded>0</occluded>
		<bndbox>
			<xmin>3</xmin>
			<xmax>415</xmax>
			<ymin>30</ymin>
			<ymax>381</ymax>
		</bndbox>
	</object>
</annotation>