<annotation>
	<folder></folder>
	<filename>KakaoTalk_20210714_204434474_jpg.rf.7c6b8176b7c4efd94bf9e6e0199d3bf3.jpg</filename>
	<path>KakaoTalk_20210714_204434474_jpg.rf.7c6b8176b7c4efd94bf9e6e0199d3bf3.jpg</path>
	<source>
		<database>roboflow.ai</database>
	</source>
	<size>
		<width>416</width>
		<height>416</height>
		<depth>3</depth>
	</size>
	<segmented>0</segmented>
	<object>
		<name>0</name>
		<pose>Unspecified</pose>
		<truncated>0</truncated>
		<difficult>0</difficult>
		<occluded>0</occluded>
		<bndbox>
			<xmin>1</xmin>
			<xmax>416</xmax>
			<ymin>1</ymin>
			<ymax>417</ymax>
		</bndbox>
	</object>
</annotation>
