<annotation>
	<folder></folder>
	<filename>KakaoTalk_20210714_230425641_jpg.rf.d0a7e6908f82709ad6c45af245874902.jpg</filename>
	<path>KakaoTalk_20210714_230425641_jpg.rf.d0a7e6908f82709ad6c45af245874902.jpg</path>
	<source>
		<database>roboflow.ai</database>
	</source>
	<size>
		<width>416</width>
		<height>416</height>
		<depth>3</depth>
	</size>
	<segmented>0</segmented>
	<object>
		<name>0</name>
		<pose>Unspecified</pose>
		<truncated>0</truncated>
		<difficult>0</difficult>
		<occluded>0</occluded>
		<bndbox>
			<xmin>5</xmin>
			<xmax>411</xmax>
			<ymin>24</ymin>
			<ymax>415</ymax>
		</bndbox>
	</object>
</annotation>
