<annotation>
	<folder></folder>
	<filename>KakaoTalk_20210714_230425641_02_jpg.rf.4e983b4629ba3ed9985ae5ffaef5bd59.jpg</filename>
	<path>KakaoTalk_20210714_230425641_02_jpg.rf.4e983b4629ba3ed9985ae5ffaef5bd59.jpg</path>
	<source>
		<database>roboflow.ai</database>
	</source>
	<size>
		<width>416</width>
		<height>416</height>
		<depth>3</depth>
	</size>
	<segmented>0</segmented>
	<object>
		<name>0</name>
		<pose>Unspecified</pose>
		<truncated>0</truncated>
		<difficult>0</difficult>
		<occluded>0</occluded>
		<bndbox>
			<xmin>1</xmin>
			<xmax>416</xmax>
			<ymin>1</ymin>
			<ymax>385</ymax>
		</bndbox>
	</object>
</annotation>
