<annotation>
	<folder />
	<filename>KakaoTalk_20210714_204434474_18_jpg.rf.b30edf1ceb06637d5dd52efa619178f5.jpg</filename>
	<path>KakaoTalk_20210714_204434474_18_jpg.rf.b30edf1ceb06637d5dd52efa619178f5.jpg</path>
	<source>
		<database>roboflow.ai</database>
	</source>
	<size>
		<width>416</width>
		<height>416</height>
		<depth>3</depth>
	</size>
	<segmented>0</segmented>
	<object>
		<name>0</name>
		<pose>Unspecified</pose>
		<truncated>0</truncated>
		<difficult>0</difficult>
		<occluded>0</occluded>
		<bndbox>
			<xmin>1</xmin>
			<xmax>410</xmax>
			<ymin>1</ymin>
			<ymax>341</ymax>
		</bndbox>
	</object>
</annotation>