<annotation>
	<folder />
	<filename>KakaoTalk_20210714_204434474_17_jpg.rf.63bfb3f957689bba39f88e99240d509c.jpg</filename>
	<path>KakaoTalk_20210714_204434474_17_jpg.rf.63bfb3f957689bba39f88e99240d509c.jpg</path>
	<source>
		<database>roboflow.ai</database>
	</source>
	<size>
		<width>416</width>
		<height>416</height>
		<depth>3</depth>
	</size>
	<segmented>0</segmented>
	<object>
		<name>0</name>
		<pose>Unspecified</pose>
		<truncated>0</truncated>
		<difficult>0</difficult>
		<occluded>0</occluded>
		<bndbox>
			<xmin>2</xmin>
			<xmax>415</xmax>
			<ymin>1</ymin>
			<ymax>321</ymax>
		</bndbox>
	</object>
</annotation>