<annotation>
	<folder></folder>
	<filename>KakaoTalk_20210714_204434474_22_jpg.rf.b33c8655bcd02b1fcd1c191bc9cd6c91.jpg</filename>
	<path>KakaoTalk_20210714_204434474_22_jpg.rf.b33c8655bcd02b1fcd1c191bc9cd6c91.jpg</path>
	<source>
		<database>roboflow.ai</database>
	</source>
	<size>
		<width>416</width>
		<height>416</height>
		<depth>3</depth>
	</size>
	<segmented>0</segmented>
	<object>
		<name>0</name>
		<pose>Unspecified</pose>
		<truncated>0</truncated>
		<difficult>0</difficult>
		<occluded>0</occluded>
		<bndbox>
			<xmin>4</xmin>
			<xmax>416</xmax>
			<ymin>8</ymin>
			<ymax>345</ymax>
		</bndbox>
	</object>
</annotation>
