<annotation>
	<folder></folder>
	<filename>KakaoTalk_20210714_230425641_14_jpg.rf.92c414a8688f856de058d5dd0a0108c2.jpg</filename>
	<path>KakaoTalk_20210714_230425641_14_jpg.rf.92c414a8688f856de058d5dd0a0108c2.jpg</path>
	<source>
		<database>roboflow.ai</database>
	</source>
	<size>
		<width>416</width>
		<height>416</height>
		<depth>3</depth>
	</size>
	<segmented>0</segmented>
	<object>
		<name>0</name>
		<pose>Unspecified</pose>
		<truncated>0</truncated>
		<difficult>0</difficult>
		<occluded>0</occluded>
		<bndbox>
			<xmin>11</xmin>
			<xmax>417</xmax>
			<ymin>46</ymin>
			<ymax>276</ymax>
		</bndbox>
	</object>
</annotation>
