<annotation>
	<folder />
	<filename>KakaoTalk_20210714_204434474_02_jpg.rf.2fe03e71e235097a98d974fff437f85d.jpg</filename>
	<path>KakaoTalk_20210714_204434474_02_jpg.rf.2fe03e71e235097a98d974fff437f85d.jpg</path>
	<source>
		<database>roboflow.ai</database>
	</source>
	<size>
		<width>416</width>
		<height>416</height>
		<depth>3</depth>
	</size>
	<segmented>0</segmented>
	<object>
		<name>0</name>
		<pose>Unspecified</pose>
		<truncated>0</truncated>
		<difficult>0</difficult>
		<occluded>0</occluded>
		<bndbox>
			<xmin>1</xmin>
			<xmax>415</xmax>
			<ymin>1</ymin>
			<ymax>415</ymax>
		</bndbox>
	</object>
</annotation>