<annotation>
	<folder></folder>
	<filename>KakaoTalk_20210714_230425641_05_jpg.rf.be5cb5a128a5a05a2a0e9466a017b774.jpg</filename>
	<path>KakaoTalk_20210714_230425641_05_jpg.rf.be5cb5a128a5a05a2a0e9466a017b774.jpg</path>
	<source>
		<database>roboflow.ai</database>
	</source>
	<size>
		<width>416</width>
		<height>416</height>
		<depth>3</depth>
	</size>
	<segmented>0</segmented>
	<object>
		<name>0</name>
		<pose>Unspecified</pose>
		<truncated>0</truncated>
		<difficult>0</difficult>
		<occluded>0</occluded>
		<bndbox>
			<xmin>24</xmin>
			<xmax>417</xmax>
			<ymin>47</ymin>
			<ymax>379</ymax>
		</bndbox>
	</object>
</annotation>
