<annotation>
	<folder />
	<filename>KakaoTalk_20210714_204434474_13_jpg.rf.eb3fd51c88e9adac15c540be62e336f2.jpg</filename>
	<path>KakaoTalk_20210714_204434474_13_jpg.rf.eb3fd51c88e9adac15c540be62e336f2.jpg</path>
	<source>
		<database>roboflow.ai</database>
	</source>
	<size>
		<width>416</width>
		<height>416</height>
		<depth>3</depth>
	</size>
	<segmented>0</segmented>
	<object>
		<name>0</name>
		<pose>Unspecified</pose>
		<truncated>0</truncated>
		<difficult>0</difficult>
		<occluded>0</occluded>
		<bndbox>
			<xmin>2</xmin>
			<xmax>415</xmax>
			<ymin>2</ymin>
			<ymax>385</ymax>
		</bndbox>
	</object>
</annotation>