<annotation>
	<folder></folder>
	<filename>KakaoTalk_20210714_230425641_13_jpg.rf.ef89b77f9f809f20de8d4dd2ef950204.jpg</filename>
	<path>KakaoTalk_20210714_230425641_13_jpg.rf.ef89b77f9f809f20de8d4dd2ef950204.jpg</path>
	<source>
		<database>roboflow.ai</database>
	</source>
	<size>
		<width>416</width>
		<height>416</height>
		<depth>3</depth>
	</size>
	<segmented>0</segmented>
	<object>
		<name>0</name>
		<pose>Unspecified</pose>
		<truncated>0</truncated>
		<difficult>0</difficult>
		<occluded>0</occluded>
		<bndbox>
			<xmin>1</xmin>
			<xmax>411</xmax>
			<ymin>48</ymin>
			<ymax>298</ymax>
		</bndbox>
	</object>
</annotation>
