<annotation>
	<folder />
	<filename>KakaoTalk_20210714_204434474_16_jpg.rf.6bbbe98be594aa68bb30f49ea69d0303.jpg</filename>
	<path>KakaoTalk_20210714_204434474_16_jpg.rf.6bbbe98be594aa68bb30f49ea69d0303.jpg</path>
	<source>
		<database>roboflow.ai</database>
	</source>
	<size>
		<width>416</width>
		<height>416</height>
		<depth>3</depth>
	</size>
	<segmented>0</segmented>
	<object>
		<name>0</name>
		<pose>Unspecified</pose>
		<truncated>0</truncated>
		<difficult>0</difficult>
		<occluded>0</occluded>
		<bndbox>
			<xmin>62</xmin>
			<xmax>415</xmax>
			<ymin>24</ymin>
			<ymax>310</ymax>
		</bndbox>
	</object>
</annotation>