<annotation>
	<folder />
	<filename>KakaoTalk_20210714_204434474_08_jpg.rf.118fc467f189a5b9aa59797b2e3d803f.jpg</filename>
	<path>KakaoTalk_20210714_204434474_08_jpg.rf.118fc467f189a5b9aa59797b2e3d803f.jpg</path>
	<source>
		<database>roboflow.ai</database>
	</source>
	<size>
		<width>416</width>
		<height>416</height>
		<depth>3</depth>
	</size>
	<segmented>0</segmented>
	<object>
		<name>0</name>
		<pose>Unspecified</pose>
		<truncated>0</truncated>
		<difficult>0</difficult>
		<occluded>0</occluded>
		<bndbox>
			<xmin>57</xmin>
			<xmax>415</xmax>
			<ymin>28</ymin>
			<ymax>297</ymax>
		</bndbox>
	</object>
</annotation>