<annotation>
	<folder />
	<filename>KakaoTalk_20210714_230425641_03_jpg.rf.d42f4afac8bbc530e50265d8ab3b9c18.jpg</filename>
	<path>KakaoTalk_20210714_230425641_03_jpg.rf.d42f4afac8bbc530e50265d8ab3b9c18.jpg</path>
	<source>
		<database>roboflow.ai</database>
	</source>
	<size>
		<width>416</width>
		<height>416</height>
		<depth>3</depth>
	</size>
	<segmented>0</segmented>
	<object>
		<name>0</name>
		<pose>Unspecified</pose>
		<truncated>0</truncated>
		<difficult>0</difficult>
		<occluded>0</occluded>
		<bndbox>
			<xmin>1</xmin>
			<xmax>415</xmax>
			<ymin>18</ymin>
			<ymax>415</ymax>
		</bndbox>
	</object>
</annotation>