<annotation>
	<folder></folder>
	<filename>KakaoTalk_20210714_230425641_18_jpg.rf.00bbb81173e96d0c4a837b0357319593.jpg</filename>
	<path>KakaoTalk_20210714_230425641_18_jpg.rf.00bbb81173e96d0c4a837b0357319593.jpg</path>
	<source>
		<database>roboflow.ai</database>
	</source>
	<size>
		<width>416</width>
		<height>416</height>
		<depth>3</depth>
	</size>
	<segmented>0</segmented>
	<object>
		<name>0</name>
		<pose>Unspecified</pose>
		<truncated>0</truncated>
		<difficult>0</difficult>
		<occluded>0</occluded>
		<bndbox>
			<xmin>5</xmin>
			<xmax>373</xmax>
			<ymin>63</ymin>
			<ymax>333</ymax>
		</bndbox>
	</object>
</annotation>
