<annotation>
	<folder />
	<filename>KakaoTalk_20210714_204434474_05_jpg.rf.2ef777e5741d7a17bca27caf6438ec8f.jpg</filename>
	<path>KakaoTalk_20210714_204434474_05_jpg.rf.2ef777e5741d7a17bca27caf6438ec8f.jpg</path>
	<source>
		<database>roboflow.ai</database>
	</source>
	<size>
		<width>416</width>
		<height>416</height>
		<depth>3</depth>
	</size>
	<segmented>0</segmented>
	<object>
		<name>0</name>
		<pose>Unspecified</pose>
		<truncated>0</truncated>
		<difficult>0</difficult>
		<occluded>0</occluded>
		<bndbox>
			<xmin>2</xmin>
			<xmax>360</xmax>
			<ymin>11</ymin>
			<ymax>345</ymax>
		</bndbox>
	</object>
</annotation>