<annotation>
	<folder></folder>
	<filename>KakaoTalk_20210714_230425641_06_jpg.rf.d54a26d871638c8da7f57a9f3ff03ca5.jpg</filename>
	<path>KakaoTalk_20210714_230425641_06_jpg.rf.d54a26d871638c8da7f57a9f3ff03ca5.jpg</path>
	<source>
		<database>roboflow.ai</database>
	</source>
	<size>
		<width>416</width>
		<height>416</height>
		<depth>3</depth>
	</size>
	<segmented>0</segmented>
	<object>
		<name>0</name>
		<pose>Unspecified</pose>
		<truncated>0</truncated>
		<difficult>0</difficult>
		<occluded>0</occluded>
		<bndbox>
			<xmin>21</xmin>
			<xmax>416</xmax>
			<ymin>1</ymin>
			<ymax>416</ymax>
		</bndbox>
	</object>
</annotation>
