<annotation>
	<folder></folder>
	<filename>KakaoTalk_20210714_204434474_24_jpg.rf.3f8f661698640890aa27ed38ef404f69.jpg</filename>
	<path>KakaoTalk_20210714_204434474_24_jpg.rf.3f8f661698640890aa27ed38ef404f69.jpg</path>
	<source>
		<database>roboflow.ai</database>
	</source>
	<size>
		<width>416</width>
		<height>416</height>
		<depth>3</depth>
	</size>
	<segmented>0</segmented>
	<object>
		<name>0</name>
		<pose>Unspecified</pose>
		<truncated>0</truncated>
		<difficult>0</difficult>
		<occluded>0</occluded>
		<bndbox>
			<xmin>68</xmin>
			<xmax>417</xmax>
			<ymin>63</ymin>
			<ymax>304</ymax>
		</bndbox>
	</object>
</annotation>
