<annotation>
	<folder></folder>
	<filename>KakaoTalk_20210714_230425641_08_jpg.rf.5137d07ac767b541990a60714fc363c7.jpg</filename>
	<path>KakaoTalk_20210714_230425641_08_jpg.rf.5137d07ac767b541990a60714fc363c7.jpg</path>
	<source>
		<database>roboflow.ai</database>
	</source>
	<size>
		<width>416</width>
		<height>416</height>
		<depth>3</depth>
	</size>
	<segmented>0</segmented>
	<object>
		<name>0</name>
		<pose>Unspecified</pose>
		<truncated>0</truncated>
		<difficult>0</difficult>
		<occluded>0</occluded>
		<bndbox>
			<xmin>1</xmin>
			<xmax>417</xmax>
			<ymin>19</ymin>
			<ymax>417</ymax>
		</bndbox>
	</object>
</annotation>
