<annotation>
	<folder />
	<filename>KakaoTalk_20210714_204434474_10_jpg.rf.0300815245c0212ce4a0098f612ca7da.jpg</filename>
	<path>KakaoTalk_20210714_204434474_10_jpg.rf.0300815245c0212ce4a0098f612ca7da.jpg</path>
	<source>
		<database>roboflow.ai</database>
	</source>
	<size>
		<width>416</width>
		<height>416</height>
		<depth>3</depth>
	</size>
	<segmented>0</segmented>
	<object>
		<name>0</name>
		<pose>Unspecified</pose>
		<truncated>0</truncated>
		<difficult>0</difficult>
		<occluded>0</occluded>
		<bndbox>
			<xmin>58</xmin>
			<xmax>415</xmax>
			<ymin>1</ymin>
			<ymax>415</ymax>
		</bndbox>
	</object>
</annotation>