<annotation>
	<folder />
	<filename>KakaoTalk_20210714_204434474_15_jpg.rf.9a7213363ce2513765d738fd0bbcf282.jpg</filename>
	<path>KakaoTalk_20210714_204434474_15_jpg.rf.9a7213363ce2513765d738fd0bbcf282.jpg</path>
	<source>
		<database>roboflow.ai</database>
	</source>
	<size>
		<width>416</width>
		<height>416</height>
		<depth>3</depth>
	</size>
	<segmented>0</segmented>
	<object>
		<name>0</name>
		<pose>Unspecified</pose>
		<truncated>0</truncated>
		<difficult>0</difficult>
		<occluded>0</occluded>
		<bndbox>
			<xmin>63</xmin>
			<xmax>415</xmax>
			<ymin>14</ymin>
			<ymax>348</ymax>
		</bndbox>
	</object>
</annotation>