<annotation>
	<folder></folder>
	<filename>KakaoTalk_20210714_230425641_22_jpg.rf.82d807cc7f9583c9293a0d07735a32ef.jpg</filename>
	<path>KakaoTalk_20210714_230425641_22_jpg.rf.82d807cc7f9583c9293a0d07735a32ef.jpg</path>
	<source>
		<database>roboflow.ai</database>
	</source>
	<size>
		<width>416</width>
		<height>416</height>
		<depth>3</depth>
	</size>
	<segmented>0</segmented>
	<object>
		<name>0</name>
		<pose>Unspecified</pose>
		<truncated>0</truncated>
		<difficult>0</difficult>
		<occluded>0</occluded>
		<bndbox>
			<xmin>40</xmin>
			<xmax>350</xmax>
			<ymin>66</ymin>
			<ymax>294</ymax>
		</bndbox>
	</object>
</annotation>
