<annotation>
	<folder></folder>
	<filename>KakaoTalk_20210714_230425641_25_jpg.rf.87102d0ee323fa2fee20bda917a572f6.jpg</filename>
	<path>KakaoTalk_20210714_230425641_25_jpg.rf.87102d0ee323fa2fee20bda917a572f6.jpg</path>
	<source>
		<database>roboflow.ai</database>
	</source>
	<size>
		<width>416</width>
		<height>416</height>
		<depth>3</depth>
	</size>
	<segmented>0</segmented>
	<object>
		<name>0</name>
		<pose>Unspecified</pose>
		<truncated>0</truncated>
		<difficult>0</difficult>
		<occluded>0</occluded>
		<bndbox>
			<xmin>94</xmin>
			<xmax>374</xmax>
			<ymin>149</ymin>
			<ymax>251</ymax>
		</bndbox>
	</object>
</annotation>
