<annotation>
	<folder />
	<filename>KakaoTalk_20210714_204434474_07_jpg.rf.81d3469a1305df0bca8038f8747ecc1b.jpg</filename>
	<path>KakaoTalk_20210714_204434474_07_jpg.rf.81d3469a1305df0bca8038f8747ecc1b.jpg</path>
	<source>
		<database>roboflow.ai</database>
	</source>
	<size>
		<width>416</width>
		<height>416</height>
		<depth>3</depth>
	</size>
	<segmented>0</segmented>
	<object>
		<name>0</name>
		<pose>Unspecified</pose>
		<truncated>0</truncated>
		<difficult>0</difficult>
		<occluded>0</occluded>
		<bndbox>
			<xmin>6</xmin>
			<xmax>415</xmax>
			<ymin>73</ymin>
			<ymax>312</ymax>
		</bndbox>
	</object>
</annotation>