<annotation>
	<folder />
	<filename>KakaoTalk_20210714_204434474_19_jpg.rf.a86b508bd9af5c86a489d07816aa992b.jpg</filename>
	<path>KakaoTalk_20210714_204434474_19_jpg.rf.a86b508bd9af5c86a489d07816aa992b.jpg</path>
	<source>
		<database>roboflow.ai</database>
	</source>
	<size>
		<width>416</width>
		<height>416</height>
		<depth>3</depth>
	</size>
	<segmented>0</segmented>
	<object>
		<name>0</name>
		<pose>Unspecified</pose>
		<truncated>0</truncated>
		<difficult>0</difficult>
		<occluded>0</occluded>
		<bndbox>
			<xmin>3</xmin>
			<xmax>415</xmax>
			<ymin>25</ymin>
			<ymax>344</ymax>
		</bndbox>
	</object>
</annotation>