<annotation>
	<folder></folder>
	<filename>KakaoTalk_20210714_230425641_20_jpg.rf.1d93d9858058ecedd3e3075cf83b22b6.jpg</filename>
	<path>KakaoTalk_20210714_230425641_20_jpg.rf.1d93d9858058ecedd3e3075cf83b22b6.jpg</path>
	<source>
		<database>roboflow.ai</database>
	</source>
	<size>
		<width>416</width>
		<height>416</height>
		<depth>3</depth>
	</size>
	<segmented>0</segmented>
	<object>
		<name>0</name>
		<pose>Unspecified</pose>
		<truncated>0</truncated>
		<difficult>0</difficult>
		<occluded>0</occluded>
		<bndbox>
			<xmin>10</xmin>
			<xmax>416</xmax>
			<ymin>15</ymin>
			<ymax>343</ymax>
		</bndbox>
	</object>
</annotation>
