<annotation>
	<folder />
	<filename>KakaoTalk_20210714_204434474_01_jpg.rf.0d5a3a4d40be47b230b2a169d9e27f98.jpg</filename>
	<path>KakaoTalk_20210714_204434474_01_jpg.rf.0d5a3a4d40be47b230b2a169d9e27f98.jpg</path>
	<source>
		<database>roboflow.ai</database>
	</source>
	<size>
		<width>416</width>
		<height>416</height>
		<depth>3</depth>
	</size>
	<segmented>0</segmented>
	<object>
		<name>0</name>
		<pose>Unspecified</pose>
		<truncated>0</truncated>
		<difficult>0</difficult>
		<occluded>0</occluded>
		<bndbox>
			<xmin>2</xmin>
			<xmax>415</xmax>
			<ymin>3</ymin>
			<ymax>411</ymax>
		</bndbox>
	</object>
</annotation>