<annotation>
	<folder></folder>
	<filename>KakaoTalk_20210714_230425641_16_jpg.rf.2f16a5df57808a3486110a270d120617.jpg</filename>
	<path>KakaoTalk_20210714_230425641_16_jpg.rf.2f16a5df57808a3486110a270d120617.jpg</path>
	<source>
		<database>roboflow.ai</database>
	</source>
	<size>
		<width>416</width>
		<height>416</height>
		<depth>3</depth>
	</size>
	<segmented>0</segmented>
	<object>
		<name>0</name>
		<pose>Unspecified</pose>
		<truncated>0</truncated>
		<difficult>0</difficult>
		<occluded>0</occluded>
		<bndbox>
			<xmin>70</xmin>
			<xmax>416</xmax>
			<ymin>22</ymin>
			<ymax>338</ymax>
		</bndbox>
	</object>
</annotation>
