<annotation>
	<folder></folder>
	<filename>KakaoTalk_20210714_230425641_19_jpg.rf.8d304437735f414e2d93ab327fd232a4.jpg</filename>
	<path>KakaoTalk_20210714_230425641_19_jpg.rf.8d304437735f414e2d93ab327fd232a4.jpg</path>
	<source>
		<database>roboflow.ai</database>
	</source>
	<size>
		<width>416</width>
		<height>416</height>
		<depth>3</depth>
	</size>
	<segmented>0</segmented>
	<object>
		<name>0</name>
		<pose>Unspecified</pose>
		<truncated>0</truncated>
		<difficult>0</difficult>
		<occluded>0</occluded>
		<bndbox>
			<xmin>29</xmin>
			<xmax>416</xmax>
			<ymin>53</ymin>
			<ymax>321</ymax>
		</bndbox>
	</object>
</annotation>
