<annotation>
	<folder></folder>
	<filename>KakaoTalk_20210714_230425641_21_jpg.rf.e532a85123a57ffaf609d0ce6e92e8c1.jpg</filename>
	<path>KakaoTalk_20210714_230425641_21_jpg.rf.e532a85123a57ffaf609d0ce6e92e8c1.jpg</path>
	<source>
		<database>roboflow.ai</database>
	</source>
	<size>
		<width>416</width>
		<height>416</height>
		<depth>3</depth>
	</size>
	<segmented>0</segmented>
	<object>
		<name>0</name>
		<pose>Unspecified</pose>
		<truncated>0</truncated>
		<difficult>0</difficult>
		<occluded>0</occluded>
		<bndbox>
			<xmin>24</xmin>
			<xmax>376</xmax>
			<ymin>47</ymin>
			<ymax>323</ymax>
		</bndbox>
	</object>
</annotation>
