<annotation>
	<folder></folder>
	<filename>KakaoTalk_20210714_230425641_04_jpg.rf.4d622a1c86578aafee1dc70fb96b7e85.jpg</filename>
	<path>KakaoTalk_20210714_230425641_04_jpg.rf.4d622a1c86578aafee1dc70fb96b7e85.jpg</path>
	<source>
		<database>roboflow.ai</database>
	</source>
	<size>
		<width>416</width>
		<height>416</height>
		<depth>3</depth>
	</size>
	<segmented>0</segmented>
	<object>
		<name>0</name>
		<pose>Unspecified</pose>
		<truncated>0</truncated>
		<difficult>0</difficult>
		<occluded>0</occluded>
		<bndbox>
			<xmin>5</xmin>
			<xmax>401</xmax>
			<ymin>16</ymin>
			<ymax>368</ymax>
		</bndbox>
	</object>
</annotation>
