<annotation>
	<folder></folder>
	<filename>KakaoTalk_20210714_230425641_01_jpg.rf.dd31ff02577fffb2125bfe2cf74b7eac.jpg</filename>
	<path>KakaoTalk_20210714_230425641_01_jpg.rf.dd31ff02577fffb2125bfe2cf74b7eac.jpg</path>
	<source>
		<database>roboflow.ai</database>
	</source>
	<size>
		<width>416</width>
		<height>416</height>
		<depth>3</depth>
	</size>
	<segmented>0</segmented>
	<object>
		<name>0</name>
		<pose>Unspecified</pose>
		<truncated>0</truncated>
		<difficult>0</difficult>
		<occluded>0</occluded>
		<bndbox>
			<xmin>1</xmin>
			<xmax>404</xmax>
			<ymin>1</ymin>
			<ymax>407</ymax>
		</bndbox>
	</object>
</annotation>
