<annotation>
	<folder></folder>
	<filename>KakaoTalk_20210714_230425641_15_jpg.rf.dbf4b36bf1541525cb851b8f2b0b31a5.jpg</filename>
	<path>KakaoTalk_20210714_230425641_15_jpg.rf.dbf4b36bf1541525cb851b8f2b0b31a5.jpg</path>
	<source>
		<database>roboflow.ai</database>
	</source>
	<size>
		<width>416</width>
		<height>416</height>
		<depth>3</depth>
	</size>
	<segmented>0</segmented>
	<object>
		<name>0</name>
		<pose>Unspecified</pose>
		<truncated>0</truncated>
		<difficult>0</difficult>
		<occluded>0</occluded>
		<bndbox>
			<xmin>5</xmin>
			<xmax>417</xmax>
			<ymin>39</ymin>
			<ymax>344</ymax>
		</bndbox>
	</object>
</annotation>
