<annotation>
	<folder></folder>
	<filename>KakaoTalk_20210714_230425641_24_jpg.rf.67c25002aec5e951dfe016f1b4276ef5.jpg</filename>
	<path>KakaoTalk_20210714_230425641_24_jpg.rf.67c25002aec5e951dfe016f1b4276ef5.jpg</path>
	<source>
		<database>roboflow.ai</database>
	</source>
	<size>
		<width>416</width>
		<height>416</height>
		<depth>3</depth>
	</size>
	<segmented>0</segmented>
	<object>
		<name>0</name>
		<pose>Unspecified</pose>
		<truncated>0</truncated>
		<difficult>0</difficult>
		<occluded>0</occluded>
		<bndbox>
			<xmin>56</xmin>
			<xmax>416</xmax>
			<ymin>96</ymin>
			<ymax>312</ymax>
		</bndbox>
	</object>
</annotation>
