<annotation>
	<folder></folder>
	<filename>KakaoTalk_20210712_211140101_07_jpg.rf.6f3a26f56dec941901bd8844262d24d5.jpg</filename>
	<path>KakaoTalk_20210712_211140101_07_jpg.rf.6f3a26f56dec941901bd8844262d24d5.jpg</path>
	<source>
		<database>roboflow.ai</database>
	</source>
	<size>
		<width>416</width>
		<height>416</height>
		<depth>3</depth>
	</size>
	<segmented>0</segmented>
	<object>
		<name>13</name>
		<pose>Unspecified</pose>
		<truncated>0</truncated>
		<difficult>0</difficult>
		<occluded>0</occluded>
		<bndbox>
			<xmin>5</xmin>
			<xmax>416</xmax>
			<ymin>11</ymin>
			<ymax>394</ymax>
		</bndbox>
	</object>
</annotation>
