<annotation>
	<folder></folder>
	<filename>KakaoTalk_20210712_211140101_06_jpg.rf.6a8782d6e533b4667bf328caf1691958.jpg</filename>
	<path>KakaoTalk_20210712_211140101_06_jpg.rf.6a8782d6e533b4667bf328caf1691958.jpg</path>
	<source>
		<database>roboflow.ai</database>
	</source>
	<size>
		<width>416</width>
		<height>416</height>
		<depth>3</depth>
	</size>
	<segmented>0</segmented>
	<object>
		<name>13</name>
		<pose>Unspecified</pose>
		<truncated>0</truncated>
		<difficult>0</difficult>
		<occluded>0</occluded>
		<bndbox>
			<xmin>1</xmin>
			<xmax>416</xmax>
			<ymin>1</ymin>
			<ymax>374</ymax>
		</bndbox>
	</object>
</annotation>
