<annotation>
	<folder></folder>
	<filename>KakaoTalk_20210712_211140101_jpg.rf.b2b3a1388bddbe5fb791f5cf540328c6.jpg</filename>
	<path>KakaoTalk_20210712_211140101_jpg.rf.b2b3a1388bddbe5fb791f5cf540328c6.jpg</path>
	<source>
		<database>roboflow.ai</database>
	</source>
	<size>
		<width>416</width>
		<height>416</height>
		<depth>3</depth>
	</size>
	<segmented>0</segmented>
	<object>
		<name>13</name>
		<pose>Unspecified</pose>
		<truncated>0</truncated>
		<difficult>0</difficult>
		<occluded>0</occluded>
		<bndbox>
			<xmin>68</xmin>
			<xmax>378</xmax>
			<ymin>29</ymin>
			<ymax>299</ymax>
		</bndbox>
	</object>
</annotation>
