<annotation>
	<folder></folder>
	<filename>KakaoTalk_20210712_211140101_13_jpg.rf.fd630fe48c805910bf0acf7e7f1efba9.jpg</filename>
	<path>KakaoTalk_20210712_211140101_13_jpg.rf.fd630fe48c805910bf0acf7e7f1efba9.jpg</path>
	<source>
		<database>roboflow.ai</database>
	</source>
	<size>
		<width>416</width>
		<height>416</height>
		<depth>3</depth>
	</size>
	<segmented>0</segmented>
	<object>
		<name>13</name>
		<pose>Unspecified</pose>
		<truncated>0</truncated>
		<difficult>0</difficult>
		<occluded>0</occluded>
		<bndbox>
			<xmin>86</xmin>
			<xmax>416</xmax>
			<ymin>4</ymin>
			<ymax>356</ymax>
		</bndbox>
	</object>
</annotation>
