<annotation>
	<folder></folder>
	<filename>KakaoTalk_20210712_211140101_08_jpg.rf.9c358ee429f7c52a6ebfb0f6cb5fc3fb.jpg</filename>
	<path>KakaoTalk_20210712_211140101_08_jpg.rf.9c358ee429f7c52a6ebfb0f6cb5fc3fb.jpg</path>
	<source>
		<database>roboflow.ai</database>
	</source>
	<size>
		<width>416</width>
		<height>416</height>
		<depth>3</depth>
	</size>
	<segmented>0</segmented>
	<object>
		<name>13</name>
		<pose>Unspecified</pose>
		<truncated>0</truncated>
		<difficult>0</difficult>
		<occluded>0</occluded>
		<bndbox>
			<xmin>17</xmin>
			<xmax>415</xmax>
			<ymin>12</ymin>
			<ymax>396</ymax>
		</bndbox>
	</object>
</annotation>
