<annotation>
	<folder></folder>
	<filename>KakaoTalk_20210712_211140101_05_jpg.rf.f45c3296153d0ecc670ed7173a0a5a9e.jpg</filename>
	<path>KakaoTalk_20210712_211140101_05_jpg.rf.f45c3296153d0ecc670ed7173a0a5a9e.jpg</path>
	<source>
		<database>roboflow.ai</database>
	</source>
	<size>
		<width>416</width>
		<height>416</height>
		<depth>3</depth>
	</size>
	<segmented>0</segmented>
	<object>
		<name>13</name>
		<pose>Unspecified</pose>
		<truncated>0</truncated>
		<difficult>0</difficult>
		<occluded>0</occluded>
		<bndbox>
			<xmin>39</xmin>
			<xmax>417</xmax>
			<ymin>1</ymin>
			<ymax>328</ymax>
		</bndbox>
	</object>
</annotation>
