<annotation>
	<folder></folder>
	<filename>KakaoTalk_20210712_211140101_02_jpg.rf.e81b770e5dd05616252379a0b16c25f3.jpg</filename>
	<path>KakaoTalk_20210712_211140101_02_jpg.rf.e81b770e5dd05616252379a0b16c25f3.jpg</path>
	<source>
		<database>roboflow.ai</database>
	</source>
	<size>
		<width>416</width>
		<height>416</height>
		<depth>3</depth>
	</size>
	<segmented>0</segmented>
	<object>
		<name>13</name>
		<pose>Unspecified</pose>
		<truncated>0</truncated>
		<difficult>0</difficult>
		<occluded>0</occluded>
		<bndbox>
			<xmin>160</xmin>
			<xmax>416</xmax>
			<ymin>6</ymin>
			<ymax>416</ymax>
		</bndbox>
	</object>
</annotation>
