<annotation>
	<folder></folder>
	<filename>KakaoTalk_20210712_211140101_09_jpg.rf.a63fa2fbeafe1dbd4beb0baa66ddacba.jpg</filename>
	<path>KakaoTalk_20210712_211140101_09_jpg.rf.a63fa2fbeafe1dbd4beb0baa66ddacba.jpg</path>
	<source>
		<database>roboflow.ai</database>
	</source>
	<size>
		<width>416</width>
		<height>416</height>
		<depth>3</depth>
	</size>
	<segmented>0</segmented>
	<object>
		<name>13</name>
		<pose>Unspecified</pose>
		<truncated>0</truncated>
		<difficult>0</difficult>
		<occluded>0</occluded>
		<bndbox>
			<xmin>48</xmin>
			<xmax>416</xmax>
			<ymin>1</ymin>
			<ymax>417</ymax>
		</bndbox>
	</object>
</annotation>
