<annotation>
	<folder></folder>
	<filename>KakaoTalk_20210712_211140101_01_jpg.rf.2b96fbeb645a3bfca841b63a97a04fd3.jpg</filename>
	<path>KakaoTalk_20210712_211140101_01_jpg.rf.2b96fbeb645a3bfca841b63a97a04fd3.jpg</path>
	<source>
		<database>roboflow.ai</database>
	</source>
	<size>
		<width>416</width>
		<height>416</height>
		<depth>3</depth>
	</size>
	<segmented>0</segmented>
	<object>
		<name>13</name>
		<pose>Unspecified</pose>
		<truncated>0</truncated>
		<difficult>0</difficult>
		<occluded>0</occluded>
		<bndbox>
			<xmin>31</xmin>
			<xmax>261</xmax>
			<ymin>4</ymin>
			<ymax>417</ymax>
		</bndbox>
	</object>
</annotation>
