<annotation>
	<folder></folder>
	<filename>KakaoTalk_20210712_211140101_12_jpg.rf.7f654e255169820adf6cec2236010689.jpg</filename>
	<path>KakaoTalk_20210712_211140101_12_jpg.rf.7f654e255169820adf6cec2236010689.jpg</path>
	<source>
		<database>roboflow.ai</database>
	</source>
	<size>
		<width>416</width>
		<height>416</height>
		<depth>3</depth>
	</size>
	<segmented>0</segmented>
	<object>
		<name>13</name>
		<pose>Unspecified</pose>
		<truncated>0</truncated>
		<difficult>0</difficult>
		<occluded>0</occluded>
		<bndbox>
			<xmin>6</xmin>
			<xmax>384</xmax>
			<ymin>3</ymin>
			<ymax>345</ymax>
		</bndbox>
	</object>
</annotation>
