<annotation>
	<folder></folder>
	<filename>KakaoTalk_20210712_211140101_03_jpg.rf.322b2ad38452e9e8b8e06d045164a651.jpg</filename>
	<path>KakaoTalk_20210712_211140101_03_jpg.rf.322b2ad38452e9e8b8e06d045164a651.jpg</path>
	<source>
		<database>roboflow.ai</database>
	</source>
	<size>
		<width>416</width>
		<height>416</height>
		<depth>3</depth>
	</size>
	<segmented>0</segmented>
	<object>
		<name>13</name>
		<pose>Unspecified</pose>
		<truncated>0</truncated>
		<difficult>0</difficult>
		<occluded>0</occluded>
		<bndbox>
			<xmin>1</xmin>
			<xmax>417</xmax>
			<ymin>1</ymin>
			<ymax>414</ymax>
		</bndbox>
	</object>
</annotation>
