<annotation>
	<folder></folder>
	<filename>KakaoTalk_20210712_211140101_04_jpg.rf.1ae195e433613ef0b7d4426e34f6712d.jpg</filename>
	<path>KakaoTalk_20210712_211140101_04_jpg.rf.1ae195e433613ef0b7d4426e34f6712d.jpg</path>
	<source>
		<database>roboflow.ai</database>
	</source>
	<size>
		<width>416</width>
		<height>416</height>
		<depth>3</depth>
	</size>
	<segmented>0</segmented>
	<object>
		<name>13</name>
		<pose>Unspecified</pose>
		<truncated>0</truncated>
		<difficult>0</difficult>
		<occluded>0</occluded>
		<bndbox>
			<xmin>2</xmin>
			<xmax>408</xmax>
			<ymin>1</ymin>
			<ymax>349</ymax>
		</bndbox>
	</object>
</annotation>
