<annotation>
	<folder></folder>
	<filename>KakaoTalk_20210712_211140101_11_jpg.rf.d6b981b5bd32218fd5f6457fd6d57f3c.jpg</filename>
	<path>KakaoTalk_20210712_211140101_11_jpg.rf.d6b981b5bd32218fd5f6457fd6d57f3c.jpg</path>
	<source>
		<database>roboflow.ai</database>
	</source>
	<size>
		<width>416</width>
		<height>416</height>
		<depth>3</depth>
	</size>
	<segmented>0</segmented>
	<object>
		<name>13</name>
		<pose>Unspecified</pose>
		<truncated>0</truncated>
		<difficult>0</difficult>
		<occluded>0</occluded>
		<bndbox>
			<xmin>46</xmin>
			<xmax>415</xmax>
			<ymin>4</ymin>
			<ymax>400</ymax>
		</bndbox>
	</object>
</annotation>
