<annotation>
	<folder></folder>
	<filename>KakaoTalk_20210712_211140101_10_jpg.rf.b3c7fe4f176eeb70a07334564ae19ac3.jpg</filename>
	<path>KakaoTalk_20210712_211140101_10_jpg.rf.b3c7fe4f176eeb70a07334564ae19ac3.jpg</path>
	<source>
		<database>roboflow.ai</database>
	</source>
	<size>
		<width>416</width>
		<height>416</height>
		<depth>3</depth>
	</size>
	<segmented>0</segmented>
	<object>
		<name>13</name>
		<pose>Unspecified</pose>
		<truncated>0</truncated>
		<difficult>0</difficult>
		<occluded>0</occluded>
		<bndbox>
			<xmin>3</xmin>
			<xmax>410</xmax>
			<ymin>1</ymin>
			<ymax>326</ymax>
		</bndbox>
	</object>
</annotation>
