<annotation>
	<folder></folder>
	<filename>KakaoTalk_20210713_015351598_14_jpg.rf.73eb30aa35785e3444a7289c9dd1e0c4.jpg</filename>
	<path>KakaoTalk_20210713_015351598_14_jpg.rf.73eb30aa35785e3444a7289c9dd1e0c4.jpg</path>
	<source>
		<database>roboflow.ai</database>
	</source>
	<size>
		<width>416</width>
		<height>416</height>
		<depth>3</depth>
	</size>
	<segmented>0</segmented>
	<object>
		<name>12</name>
		<pose>Unspecified</pose>
		<truncated>0</truncated>
		<difficult>0</difficult>
		<occluded>0</occluded>
		<bndbox>
			<xmin>57</xmin>
			<xmax>414</xmax>
			<ymin>2</ymin>
			<ymax>319</ymax>
		</bndbox>
	</object>
</annotation>
