<annotation>
	<folder></folder>
	<filename>KakaoTalk_20210713_015351598_09_jpg.rf.ab30bdb830c2c15c58c4859c2b906df5.jpg</filename>
	<path>KakaoTalk_20210713_015351598_09_jpg.rf.ab30bdb830c2c15c58c4859c2b906df5.jpg</path>
	<source>
		<database>roboflow.ai</database>
	</source>
	<size>
		<width>416</width>
		<height>416</height>
		<depth>3</depth>
	</size>
	<segmented>0</segmented>
	<object>
		<name>12</name>
		<pose>Unspecified</pose>
		<truncated>0</truncated>
		<difficult>0</difficult>
		<occluded>0</occluded>
		<bndbox>
			<xmin>2</xmin>
			<xmax>416</xmax>
			<ymin>32</ymin>
			<ymax>416</ymax>
		</bndbox>
	</object>
</annotation>
