<annotation>
	<folder></folder>
	<filename>KakaoTalk_20210713_015351598_08_jpg.rf.8d2b3a55798ed6e59f52bf8e5243e631.jpg</filename>
	<path>KakaoTalk_20210713_015351598_08_jpg.rf.8d2b3a55798ed6e59f52bf8e5243e631.jpg</path>
	<source>
		<database>roboflow.ai</database>
	</source>
	<size>
		<width>416</width>
		<height>416</height>
		<depth>3</depth>
	</size>
	<segmented>0</segmented>
	<object>
		<name>12</name>
		<pose>Unspecified</pose>
		<truncated>0</truncated>
		<difficult>0</difficult>
		<occluded>0</occluded>
		<bndbox>
			<xmin>1</xmin>
			<xmax>417</xmax>
			<ymin>35</ymin>
			<ymax>417</ymax>
		</bndbox>
	</object>
</annotation>
