<annotation>
	<folder></folder>
	<filename>KakaoTalk_20210713_015351598_18_jpg.rf.18476e0728b813eef3e3643cd69dc377.jpg</filename>
	<path>KakaoTalk_20210713_015351598_18_jpg.rf.18476e0728b813eef3e3643cd69dc377.jpg</path>
	<source>
		<database>roboflow.ai</database>
	</source>
	<size>
		<width>416</width>
		<height>416</height>
		<depth>3</depth>
	</size>
	<segmented>0</segmented>
	<object>
		<name>12</name>
		<pose>Unspecified</pose>
		<truncated>0</truncated>
		<difficult>0</difficult>
		<occluded>0</occluded>
		<bndbox>
			<xmin>11</xmin>
			<xmax>417</xmax>
			<ymin>99</ymin>
			<ymax>265</ymax>
		</bndbox>
	</object>
</annotation>
