<annotation>
	<folder></folder>
	<filename>KakaoTalk_20210713_015351598_16_jpg.rf.75f891cd2900a6f2b1866d90614056a2.jpg</filename>
	<path>KakaoTalk_20210713_015351598_16_jpg.rf.75f891cd2900a6f2b1866d90614056a2.jpg</path>
	<source>
		<database>roboflow.ai</database>
	</source>
	<size>
		<width>416</width>
		<height>416</height>
		<depth>3</depth>
	</size>
	<segmented>0</segmented>
	<object>
		<name>12</name>
		<pose>Unspecified</pose>
		<truncated>0</truncated>
		<difficult>0</difficult>
		<occluded>0</occluded>
		<bndbox>
			<xmin>20</xmin>
			<xmax>411</xmax>
			<ymin>3</ymin>
			<ymax>362</ymax>
		</bndbox>
	</object>
</annotation>
