<annotation>
	<folder></folder>
	<filename>KakaoTalk_20210713_015351598_01_jpg.rf.b379892f20f10ba76407c3f4d7591eeb.jpg</filename>
	<path>KakaoTalk_20210713_015351598_01_jpg.rf.b379892f20f10ba76407c3f4d7591eeb.jpg</path>
	<source>
		<database>roboflow.ai</database>
	</source>
	<size>
		<width>416</width>
		<height>416</height>
		<depth>3</depth>
	</size>
	<segmented>0</segmented>
	<object>
		<name>12</name>
		<pose>Unspecified</pose>
		<truncated>0</truncated>
		<difficult>0</difficult>
		<occluded>0</occluded>
		<bndbox>
			<xmin>1</xmin>
			<xmax>417</xmax>
			<ymin>1</ymin>
			<ymax>399</ymax>
		</bndbox>
	</object>
</annotation>
