<annotation>
	<folder></folder>
	<filename>KakaoTalk_20210713_015351598_13_jpg.rf.aa39b3bee16d6b5fdcad9875363ac034.jpg</filename>
	<path>KakaoTalk_20210713_015351598_13_jpg.rf.aa39b3bee16d6b5fdcad9875363ac034.jpg</path>
	<source>
		<database>roboflow.ai</database>
	</source>
	<size>
		<width>416</width>
		<height>416</height>
		<depth>3</depth>
	</size>
	<segmented>0</segmented>
	<object>
		<name>12</name>
		<pose>Unspecified</pose>
		<truncated>0</truncated>
		<difficult>0</difficult>
		<occluded>0</occluded>
		<bndbox>
			<xmin>41</xmin>
			<xmax>414</xmax>
			<ymin>55</ymin>
			<ymax>352</ymax>
		</bndbox>
	</object>
</annotation>
