<annotation>
	<folder></folder>
	<filename>KakaoTalk_20210713_015351598_12_jpg.rf.d0be173785b10b87afe6bcdbe5a0f7c9.jpg</filename>
	<path>KakaoTalk_20210713_015351598_12_jpg.rf.d0be173785b10b87afe6bcdbe5a0f7c9.jpg</path>
	<source>
		<database>roboflow.ai</database>
	</source>
	<size>
		<width>416</width>
		<height>416</height>
		<depth>3</depth>
	</size>
	<segmented>0</segmented>
	<object>
		<name>12</name>
		<pose>Unspecified</pose>
		<truncated>0</truncated>
		<difficult>0</difficult>
		<occluded>0</occluded>
		<bndbox>
			<xmin>4</xmin>
			<xmax>380</xmax>
			<ymin>2</ymin>
			<ymax>346</ymax>
		</bndbox>
	</object>
</annotation>
