<annotation>
	<folder></folder>
	<filename>KakaoTalk_20210713_015351598_05_jpg.rf.fe9a852cb34b5fb89958f2a3ae213826.jpg</filename>
	<path>KakaoTalk_20210713_015351598_05_jpg.rf.fe9a852cb34b5fb89958f2a3ae213826.jpg</path>
	<source>
		<database>roboflow.ai</database>
	</source>
	<size>
		<width>416</width>
		<height>416</height>
		<depth>3</depth>
	</size>
	<segmented>0</segmented>
	<object>
		<name>12</name>
		<pose>Unspecified</pose>
		<truncated>0</truncated>
		<difficult>0</difficult>
		<occluded>0</occluded>
		<bndbox>
			<xmin>2</xmin>
			<xmax>416</xmax>
			<ymin>89</ymin>
			<ymax>343</ymax>
		</bndbox>
	</object>
</annotation>
