<annotation>
	<folder></folder>
	<filename>KakaoTalk_20210713_015351598_03_jpg.rf.92bb8d17b46755a249d6dfd578ad8465.jpg</filename>
	<path>KakaoTalk_20210713_015351598_03_jpg.rf.92bb8d17b46755a249d6dfd578ad8465.jpg</path>
	<source>
		<database>roboflow.ai</database>
	</source>
	<size>
		<width>416</width>
		<height>416</height>
		<depth>3</depth>
	</size>
	<segmented>0</segmented>
	<object>
		<name>12</name>
		<pose>Unspecified</pose>
		<truncated>0</truncated>
		<difficult>0</difficult>
		<occluded>0</occluded>
		<bndbox>
			<xmin>1</xmin>
			<xmax>401</xmax>
			<ymin>31</ymin>
			<ymax>325</ymax>
		</bndbox>
	</object>
</annotation>
