<annotation>
	<folder></folder>
	<filename>KakaoTalk_20210713_015351598_11_jpg.rf.64a33e754e4af75054cc2acd467bd4c7.jpg</filename>
	<path>KakaoTalk_20210713_015351598_11_jpg.rf.64a33e754e4af75054cc2acd467bd4c7.jpg</path>
	<source>
		<database>roboflow.ai</database>
	</source>
	<size>
		<width>416</width>
		<height>416</height>
		<depth>3</depth>
	</size>
	<segmented>0</segmented>
	<object>
		<name>12</name>
		<pose>Unspecified</pose>
		<truncated>0</truncated>
		<difficult>0</difficult>
		<occluded>0</occluded>
		<bndbox>
			<xmin>1</xmin>
			<xmax>386</xmax>
			<ymin>3</ymin>
			<ymax>370</ymax>
		</bndbox>
	</object>
</annotation>
