<annotation>
	<folder></folder>
	<filename>KakaoTalk_20210713_015351598_jpg.rf.6582e09dbe776a460ef9514b11088a53.jpg</filename>
	<path>KakaoTalk_20210713_015351598_jpg.rf.6582e09dbe776a460ef9514b11088a53.jpg</path>
	<source>
		<database>roboflow.ai</database>
	</source>
	<size>
		<width>416</width>
		<height>416</height>
		<depth>3</depth>
	</size>
	<segmented>0</segmented>
	<object>
		<name>12</name>
		<pose>Unspecified</pose>
		<truncated>0</truncated>
		<difficult>0</difficult>
		<occluded>0</occluded>
		<bndbox>
			<xmin>1</xmin>
			<xmax>395</xmax>
			<ymin>38</ymin>
			<ymax>411</ymax>
		</bndbox>
	</object>
</annotation>
