<annotation>
	<folder></folder>
	<filename>KakaoTalk_20210713_015351598_07_jpg.rf.c7aefbd1ed2a01dad88e084f96ab6d73.jpg</filename>
	<path>KakaoTalk_20210713_015351598_07_jpg.rf.c7aefbd1ed2a01dad88e084f96ab6d73.jpg</path>
	<source>
		<database>roboflow.ai</database>
	</source>
	<size>
		<width>416</width>
		<height>416</height>
		<depth>3</depth>
	</size>
	<segmented>0</segmented>
	<object>
		<name>12</name>
		<pose>Unspecified</pose>
		<truncated>0</truncated>
		<difficult>0</difficult>
		<occluded>0</occluded>
		<bndbox>
			<xmin>1</xmin>
			<xmax>417</xmax>
			<ymin>50</ymin>
			<ymax>343</ymax>
		</bndbox>
	</object>
</annotation>
