<annotation>
	<folder></folder>
	<filename>KakaoTalk_20210713_015351598_06_jpg.rf.ad9d2c62e9650d4712c3c74b07a576a4.jpg</filename>
	<path>KakaoTalk_20210713_015351598_06_jpg.rf.ad9d2c62e9650d4712c3c74b07a576a4.jpg</path>
	<source>
		<database>roboflow.ai</database>
	</source>
	<size>
		<width>416</width>
		<height>416</height>
		<depth>3</depth>
	</size>
	<segmented>0</segmented>
	<object>
		<name>12</name>
		<pose>Unspecified</pose>
		<truncated>0</truncated>
		<difficult>0</difficult>
		<occluded>0</occluded>
		<bndbox>
			<xmin>3</xmin>
			<xmax>417</xmax>
			<ymin>45</ymin>
			<ymax>328</ymax>
		</bndbox>
	</object>
</annotation>
