<annotation>
	<folder></folder>
	<filename>KakaoTalk_20210713_015351598_19_jpg.rf.e9113a4700b475c8df267f0f3653aedc.jpg</filename>
	<path>KakaoTalk_20210713_015351598_19_jpg.rf.e9113a4700b475c8df267f0f3653aedc.jpg</path>
	<source>
		<database>roboflow.ai</database>
	</source>
	<size>
		<width>416</width>
		<height>416</height>
		<depth>3</depth>
	</size>
	<segmented>0</segmented>
	<object>
		<name>12</name>
		<pose>Unspecified</pose>
		<truncated>0</truncated>
		<difficult>0</difficult>
		<occluded>0</occluded>
		<bndbox>
			<xmin>89</xmin>
			<xmax>417</xmax>
			<ymin>138</ymin>
			<ymax>275</ymax>
		</bndbox>
	</object>
</annotation>
