<annotation>
	<folder></folder>
	<filename>KakaoTalk_20210713_015351598_17_jpg.rf.b45628a50b5b2789baf2704f680f813e.jpg</filename>
	<path>KakaoTalk_20210713_015351598_17_jpg.rf.b45628a50b5b2789baf2704f680f813e.jpg</path>
	<source>
		<database>roboflow.ai</database>
	</source>
	<size>
		<width>416</width>
		<height>416</height>
		<depth>3</depth>
	</size>
	<segmented>0</segmented>
	<object>
		<name>12</name>
		<pose>Unspecified</pose>
		<truncated>0</truncated>
		<difficult>0</difficult>
		<occluded>0</occluded>
		<bndbox>
			<xmin>41</xmin>
			<xmax>388</xmax>
			<ymin>84</ymin>
			<ymax>297</ymax>
		</bndbox>
	</object>
</annotation>
