<annotation>
	<folder></folder>
	<filename>KakaoTalk_20210713_015351598_15_jpg.rf.43e9f720a5645950f2d90e5ff92d498c.jpg</filename>
	<path>KakaoTalk_20210713_015351598_15_jpg.rf.43e9f720a5645950f2d90e5ff92d498c.jpg</path>
	<source>
		<database>roboflow.ai</database>
	</source>
	<size>
		<width>416</width>
		<height>416</height>
		<depth>3</depth>
	</size>
	<segmented>0</segmented>
	<object>
		<name>12</name>
		<pose>Unspecified</pose>
		<truncated>0</truncated>
		<difficult>0</difficult>
		<occluded>0</occluded>
		<bndbox>
			<xmin>69</xmin>
			<xmax>414</xmax>
			<ymin>4</ymin>
			<ymax>317</ymax>
		</bndbox>
	</object>
</annotation>
