<annotation>
	<folder></folder>
	<filename>KakaoTalk_20210713_015351598_04_jpg.rf.f4a74ac58add676c95b46fd5bb9fb9c9.jpg</filename>
	<path>KakaoTalk_20210713_015351598_04_jpg.rf.f4a74ac58add676c95b46fd5bb9fb9c9.jpg</path>
	<source>
		<database>roboflow.ai</database>
	</source>
	<size>
		<width>416</width>
		<height>416</height>
		<depth>3</depth>
	</size>
	<segmented>0</segmented>
	<object>
		<name>12</name>
		<pose>Unspecified</pose>
		<truncated>0</truncated>
		<difficult>0</difficult>
		<occluded>0</occluded>
		<bndbox>
			<xmin>1</xmin>
			<xmax>417</xmax>
			<ymin>133</ymin>
			<ymax>375</ymax>
		</bndbox>
	</object>
</annotation>
