<annotation>
	<folder></folder>
	<filename>KakaoTalk_20210713_015247291_02_jpg.rf.8f9e8db3a6b2c7bc9329244f42652e2b.jpg</filename>
	<path>KakaoTalk_20210713_015247291_02_jpg.rf.8f9e8db3a6b2c7bc9329244f42652e2b.jpg</path>
	<source>
		<database>roboflow.ai</database>
	</source>
	<size>
		<width>416</width>
		<height>416</height>
		<depth>3</depth>
	</size>
	<segmented>0</segmented>
	<object>
		<name>10</name>
		<pose>Unspecified</pose>
		<truncated>0</truncated>
		<difficult>0</difficult>
		<occluded>0</occluded>
		<bndbox>
			<xmin>1</xmin>
			<xmax>326</xmax>
			<ymin>5</ymin>
			<ymax>415</ymax>
		</bndbox>
	</object>
</annotation>
