<annotation>
	<folder></folder>
	<filename>KakaoTalk_20210713_015247291_09_jpg.rf.8fda9f130d4fee5457dbc00eb4edbf0d.jpg</filename>
	<path>KakaoTalk_20210713_015247291_09_jpg.rf.8fda9f130d4fee5457dbc00eb4edbf0d.jpg</path>
	<source>
		<database>roboflow.ai</database>
	</source>
	<size>
		<width>416</width>
		<height>416</height>
		<depth>3</depth>
	</size>
	<segmented>0</segmented>
	<object>
		<name>10</name>
		<pose>Unspecified</pose>
		<truncated>0</truncated>
		<difficult>0</difficult>
		<occluded>0</occluded>
		<bndbox>
			<xmin>3</xmin>
			<xmax>413</xmax>
			<ymin>27</ymin>
			<ymax>402</ymax>
		</bndbox>
	</object>
</annotation>
