<annotation>
	<folder></folder>
	<filename>KakaoTalk_20210713_015253599_01_jpg.rf.df69a45f72de2799a1f60c6e8e3ab0ae.jpg</filename>
	<path>KakaoTalk_20210713_015253599_01_jpg.rf.df69a45f72de2799a1f60c6e8e3ab0ae.jpg</path>
	<source>
		<database>roboflow.ai</database>
	</source>
	<size>
		<width>416</width>
		<height>416</height>
		<depth>3</depth>
	</size>
	<segmented>0</segmented>
	<object>
		<name>10</name>
		<pose>Unspecified</pose>
		<truncated>0</truncated>
		<difficult>0</difficult>
		<occluded>0</occluded>
		<bndbox>
			<xmin>67</xmin>
			<xmax>356</xmax>
			<ymin>106</ymin>
			<ymax>280</ymax>
		</bndbox>
	</object>
</annotation>
