<annotation>
	<folder></folder>
	<filename>KakaoTalk_20210713_015247291_10_jpg.rf.156f067a2e973e044f930122ef72ab6b.jpg</filename>
	<path>KakaoTalk_20210713_015247291_10_jpg.rf.156f067a2e973e044f930122ef72ab6b.jpg</path>
	<source>
		<database>roboflow.ai</database>
	</source>
	<size>
		<width>416</width>
		<height>416</height>
		<depth>3</depth>
	</size>
	<segmented>0</segmented>
	<object>
		<name>10</name>
		<pose>Unspecified</pose>
		<truncated>0</truncated>
		<difficult>0</difficult>
		<occluded>0</occluded>
		<bndbox>
			<xmin>7</xmin>
			<xmax>402</xmax>
			<ymin>9</ymin>
			<ymax>391</ymax>
		</bndbox>
	</object>
</annotation>
