<annotation>
	<folder></folder>
	<filename>KakaoTalk_20210713_015247291_08_jpg.rf.b80abcdbd66d9586ff5c74cb01216a52.jpg</filename>
	<path>KakaoTalk_20210713_015247291_08_jpg.rf.b80abcdbd66d9586ff5c74cb01216a52.jpg</path>
	<source>
		<database>roboflow.ai</database>
	</source>
	<size>
		<width>416</width>
		<height>416</height>
		<depth>3</depth>
	</size>
	<segmented>0</segmented>
	<object>
		<name>10</name>
		<pose>Unspecified</pose>
		<truncated>0</truncated>
		<difficult>0</difficult>
		<occluded>0</occluded>
		<bndbox>
			<xmin>1</xmin>
			<xmax>351</xmax>
			<ymin>22</ymin>
			<ymax>411</ymax>
		</bndbox>
	</object>
</annotation>
