<annotation>
	<folder></folder>
	<filename>KakaoTalk_20210713_015247291_05_jpg.rf.5631755633c0969eda2468bc44c0cf12.jpg</filename>
	<path>KakaoTalk_20210713_015247291_05_jpg.rf.5631755633c0969eda2468bc44c0cf12.jpg</path>
	<source>
		<database>roboflow.ai</database>
	</source>
	<size>
		<width>416</width>
		<height>416</height>
		<depth>3</depth>
	</size>
	<segmented>0</segmented>
	<object>
		<name>10</name>
		<pose>Unspecified</pose>
		<truncated>0</truncated>
		<difficult>0</difficult>
		<occluded>0</occluded>
		<bndbox>
			<xmin>5</xmin>
			<xmax>286</xmax>
			<ymin>6</ymin>
			<ymax>326</ymax>
		</bndbox>
	</object>
</annotation>
