<annotation>
	<folder></folder>
	<filename>KakaoTalk_20210713_015247291_03_jpg.rf.007a6e614809bf589e8ec7d851ef72be.jpg</filename>
	<path>KakaoTalk_20210713_015247291_03_jpg.rf.007a6e614809bf589e8ec7d851ef72be.jpg</path>
	<source>
		<database>roboflow.ai</database>
	</source>
	<size>
		<width>416</width>
		<height>416</height>
		<depth>3</depth>
	</size>
	<segmented>0</segmented>
	<object>
		<name>10</name>
		<pose>Unspecified</pose>
		<truncated>0</truncated>
		<difficult>0</difficult>
		<occluded>0</occluded>
		<bndbox>
			<xmin>2</xmin>
			<xmax>410</xmax>
			<ymin>24</ymin>
			<ymax>416</ymax>
		</bndbox>
	</object>
</annotation>
