<annotation>
	<folder></folder>
	<filename>KakaoTalk_20210713_015247291_01_jpg.rf.d507b28fa85bcfffb2e0be27d817022c.jpg</filename>
	<path>KakaoTalk_20210713_015247291_01_jpg.rf.d507b28fa85bcfffb2e0be27d817022c.jpg</path>
	<source>
		<database>roboflow.ai</database>
	</source>
	<size>
		<width>416</width>
		<height>416</height>
		<depth>3</depth>
	</size>
	<segmented>0</segmented>
	<object>
		<name>10</name>
		<pose>Unspecified</pose>
		<truncated>0</truncated>
		<difficult>0</difficult>
		<occluded>0</occluded>
		<bndbox>
			<xmin>2</xmin>
			<xmax>314</xmax>
			<ymin>1</ymin>
			<ymax>416</ymax>
		</bndbox>
	</object>
</annotation>
