<annotation>
	<folder></folder>
	<filename>KakaoTalk_20210713_015247291_07_jpg.rf.d66d749bbfb108f3413057c0df4650dc.jpg</filename>
	<path>KakaoTalk_20210713_015247291_07_jpg.rf.d66d749bbfb108f3413057c0df4650dc.jpg</path>
	<source>
		<database>roboflow.ai</database>
	</source>
	<size>
		<width>416</width>
		<height>416</height>
		<depth>3</depth>
	</size>
	<segmented>0</segmented>
	<object>
		<name>10</name>
		<pose>Unspecified</pose>
		<truncated>0</truncated>
		<difficult>0</difficult>
		<occluded>0</occluded>
		<bndbox>
			<xmin>5</xmin>
			<xmax>400</xmax>
			<ymin>24</ymin>
			<ymax>413</ymax>
		</bndbox>
	</object>
</annotation>
