<annotation>
	<folder></folder>
	<filename>KakaoTalk_20210713_015253599_02_jpg.rf.b3f81ea5c96497c83114bb631823c811.jpg</filename>
	<path>KakaoTalk_20210713_015253599_02_jpg.rf.b3f81ea5c96497c83114bb631823c811.jpg</path>
	<source>
		<database>roboflow.ai</database>
	</source>
	<size>
		<width>416</width>
		<height>416</height>
		<depth>3</depth>
	</size>
	<segmented>0</segmented>
	<object>
		<name>10</name>
		<pose>Unspecified</pose>
		<truncated>0</truncated>
		<difficult>0</difficult>
		<occluded>0</occluded>
		<bndbox>
			<xmin>138</xmin>
			<xmax>414</xmax>
			<ymin>121</ymin>
			<ymax>268</ymax>
		</bndbox>
	</object>
</annotation>
