<annotation>
	<folder></folder>
	<filename>KakaoTalk_20210713_015253599_03_jpg.rf.366557263cb0498b098e9a6fc211b1fc.jpg</filename>
	<path>KakaoTalk_20210713_015253599_03_jpg.rf.366557263cb0498b098e9a6fc211b1fc.jpg</path>
	<source>
		<database>roboflow.ai</database>
	</source>
	<size>
		<width>416</width>
		<height>416</height>
		<depth>3</depth>
	</size>
	<segmented>0</segmented>
	<object>
		<name>10</name>
		<pose>Unspecified</pose>
		<truncated>0</truncated>
		<difficult>0</difficult>
		<occluded>0</occluded>
		<bndbox>
			<xmin>32</xmin>
			<xmax>217</xmax>
			<ymin>110</ymin>
			<ymax>279</ymax>
		</bndbox>
	</object>
</annotation>
