<annotation>
	<folder></folder>
	<filename>KakaoTalk_20210713_015247291_06_jpg.rf.f1ab9c4e84a4bd87d22cab6d5c162f89.jpg</filename>
	<path>KakaoTalk_20210713_015247291_06_jpg.rf.f1ab9c4e84a4bd87d22cab6d5c162f89.jpg</path>
	<source>
		<database>roboflow.ai</database>
	</source>
	<size>
		<width>416</width>
		<height>416</height>
		<depth>3</depth>
	</size>
	<segmented>0</segmented>
	<object>
		<name>10</name>
		<pose>Unspecified</pose>
		<truncated>0</truncated>
		<difficult>0</difficult>
		<occluded>0</occluded>
		<bndbox>
			<xmin>1</xmin>
			<xmax>417</xmax>
			<ymin>1</ymin>
			<ymax>413</ymax>
		</bndbox>
	</object>
</annotation>
