<annotation>
	<folder></folder>
	<filename>KakaoTalk_20210713_015247291_04_jpg.rf.7a32eebdbfd9237855d24fed02c62e0b.jpg</filename>
	<path>KakaoTalk_20210713_015247291_04_jpg.rf.7a32eebdbfd9237855d24fed02c62e0b.jpg</path>
	<source>
		<database>roboflow.ai</database>
	</source>
	<size>
		<width>416</width>
		<height>416</height>
		<depth>3</depth>
	</size>
	<segmented>0</segmented>
	<object>
		<name>10</name>
		<pose>Unspecified</pose>
		<truncated>0</truncated>
		<difficult>0</difficult>
		<occluded>0</occluded>
		<bndbox>
			<xmin>1</xmin>
			<xmax>371</xmax>
			<ymin>6</ymin>
			<ymax>414</ymax>
		</bndbox>
	</object>
</annotation>
