<annotation>
	<folder></folder>
	<filename>KakaoTalk_20210713_015247291_11_jpg.rf.6f84ec42dcc3981be70a26ec2e163859.jpg</filename>
	<path>KakaoTalk_20210713_015247291_11_jpg.rf.6f84ec42dcc3981be70a26ec2e163859.jpg</path>
	<source>
		<database>roboflow.ai</database>
	</source>
	<size>
		<width>416</width>
		<height>416</height>
		<depth>3</depth>
	</size>
	<segmented>0</segmented>
	<object>
		<name>10</name>
		<pose>Unspecified</pose>
		<truncated>0</truncated>
		<difficult>0</difficult>
		<occluded>0</occluded>
		<bndbox>
			<xmin>4</xmin>
			<xmax>415</xmax>
			<ymin>33</ymin>
			<ymax>363</ymax>
		</bndbox>
	</object>
</annotation>
