<annotation>
	<folder></folder>
	<filename>KakaoTalk_20210713_015253599_jpg.rf.2700754c34e7bb27e2a06ff7a593b714.jpg</filename>
	<path>KakaoTalk_20210713_015253599_jpg.rf.2700754c34e7bb27e2a06ff7a593b714.jpg</path>
	<source>
		<database>roboflow.ai</database>
	</source>
	<size>
		<width>416</width>
		<height>416</height>
		<depth>3</depth>
	</size>
	<segmented>0</segmented>
	<object>
		<name>10</name>
		<pose>Unspecified</pose>
		<truncated>0</truncated>
		<difficult>0</difficult>
		<occluded>0</occluded>
		<bndbox>
			<xmin>34</xmin>
			<xmax>187</xmax>
			<ymin>131</ymin>
			<ymax>257</ymax>
		</bndbox>
	</object>
</annotation>
