<annotation>
	<folder></folder>
	<filename>KakaoTalk_20210713_015557944_11_jpg.rf.77fc7abebc5945ef8701141de9f11d0f.jpg</filename>
	<path>KakaoTalk_20210713_015557944_11_jpg.rf.77fc7abebc5945ef8701141de9f11d0f.jpg</path>
	<source>
		<database>roboflow.ai</database>
	</source>
	<size>
		<width>416</width>
		<height>416</height>
		<depth>3</depth>
	</size>
	<segmented>0</segmented>
	<object>
		<name>18</name>
		<pose>Unspecified</pose>
		<truncated>0</truncated>
		<difficult>0</difficult>
		<occluded>0</occluded>
		<bndbox>
			<xmin>14</xmin>
			<xmax>417</xmax>
			<ymin>34</ymin>
			<ymax>342</ymax>
		</bndbox>
	</object>
</annotation>
