<annotation>
	<folder></folder>
	<filename>KakaoTalk_20210713_015452593_11_jpg.rf.245e3ee08a37e106dd82551f2cedb991.jpg</filename>
	<path>KakaoTalk_20210713_015452593_11_jpg.rf.245e3ee08a37e106dd82551f2cedb991.jpg</path>
	<source>
		<database>roboflow.ai</database>
	</source>
	<size>
		<width>416</width>
		<height>416</height>
		<depth>3</depth>
	</size>
	<segmented>0</segmented>
	<object>
		<name>18</name>
		<pose>Unspecified</pose>
		<truncated>0</truncated>
		<difficult>0</difficult>
		<occluded>0</occluded>
		<bndbox>
			<xmin>2</xmin>
			<xmax>400</xmax>
			<ymin>7</ymin>
			<ymax>417</ymax>
		</bndbox>
	</object>
</annotation>
