<annotation>
	<folder></folder>
	<filename>KakaoTalk_20210713_015452593_12_jpg.rf.3c4c4f80fa61932c880da83d53591eec.jpg</filename>
	<path>KakaoTalk_20210713_015452593_12_jpg.rf.3c4c4f80fa61932c880da83d53591eec.jpg</path>
	<source>
		<database>roboflow.ai</database>
	</source>
	<size>
		<width>416</width>
		<height>416</height>
		<depth>3</depth>
	</size>
	<segmented>0</segmented>
	<object>
		<name>18</name>
		<pose>Unspecified</pose>
		<truncated>0</truncated>
		<difficult>0</difficult>
		<occluded>0</occluded>
		<bndbox>
			<xmin>1</xmin>
			<xmax>417</xmax>
			<ymin>55</ymin>
			<ymax>402</ymax>
		</bndbox>
	</object>
</annotation>
