<annotation>
	<folder></folder>
	<filename>KakaoTalk_20210713_015452593_15_jpg.rf.bfe9d40f9bceaeaeb9ea06e42ae56ea8.jpg</filename>
	<path>KakaoTalk_20210713_015452593_15_jpg.rf.bfe9d40f9bceaeaeb9ea06e42ae56ea8.jpg</path>
	<source>
		<database>roboflow.ai</database>
	</source>
	<size>
		<width>416</width>
		<height>416</height>
		<depth>3</depth>
	</size>
	<segmented>0</segmented>
	<object>
		<name>18</name>
		<pose>Unspecified</pose>
		<truncated>0</truncated>
		<difficult>0</difficult>
		<occluded>0</occluded>
		<bndbox>
			<xmin>1</xmin>
			<xmax>416</xmax>
			<ymin>1</ymin>
			<ymax>363</ymax>
		</bndbox>
	</object>
</annotation>
