<annotation>
	<folder></folder>
	<filename>KakaoTalk_20210713_015452593_20_jpg.rf.268e87c75dc54a9cc3035a4609369e9b.jpg</filename>
	<path>KakaoTalk_20210713_015452593_20_jpg.rf.268e87c75dc54a9cc3035a4609369e9b.jpg</path>
	<source>
		<database>roboflow.ai</database>
	</source>
	<size>
		<width>416</width>
		<height>416</height>
		<depth>3</depth>
	</size>
	<segmented>0</segmented>
	<object>
		<name>18</name>
		<pose>Unspecified</pose>
		<truncated>0</truncated>
		<difficult>0</difficult>
		<occluded>0</occluded>
		<bndbox>
			<xmin>3</xmin>
			<xmax>411</xmax>
			<ymin>2</ymin>
			<ymax>363</ymax>
		</bndbox>
	</object>
</annotation>
