<annotation>
	<folder></folder>
	<filename>KakaoTalk_20210713_015452593_22_jpg.rf.80c16740da9861f1c9f3b225dde83b56.jpg</filename>
	<path>KakaoTalk_20210713_015452593_22_jpg.rf.80c16740da9861f1c9f3b225dde83b56.jpg</path>
	<source>
		<database>roboflow.ai</database>
	</source>
	<size>
		<width>416</width>
		<height>416</height>
		<depth>3</depth>
	</size>
	<segmented>0</segmented>
	<object>
		<name>18</name>
		<pose>Unspecified</pose>
		<truncated>0</truncated>
		<difficult>0</difficult>
		<occluded>0</occluded>
		<bndbox>
			<xmin>17</xmin>
			<xmax>409</xmax>
			<ymin>11</ymin>
			<ymax>416</ymax>
		</bndbox>
	</object>
</annotation>
