<annotation>
	<folder></folder>
	<filename>KakaoTalk_20210713_015452593_08_jpg.rf.e7bc6eaa8cc1182193ec1962b7c00c35.jpg</filename>
	<path>KakaoTalk_20210713_015452593_08_jpg.rf.e7bc6eaa8cc1182193ec1962b7c00c35.jpg</path>
	<source>
		<database>roboflow.ai</database>
	</source>
	<size>
		<width>416</width>
		<height>416</height>
		<depth>3</depth>
	</size>
	<segmented>0</segmented>
	<object>
		<name>18</name>
		<pose>Unspecified</pose>
		<truncated>0</truncated>
		<difficult>0</difficult>
		<occluded>0</occluded>
		<bndbox>
			<xmin>2</xmin>
			<xmax>356</xmax>
			<ymin>26</ymin>
			<ymax>388</ymax>
		</bndbox>
	</object>
</annotation>
