<annotation>
	<folder></folder>
	<filename>KakaoTalk_20210713_015452593_13_jpg.rf.de26d37cf715af94e837711724a732be.jpg</filename>
	<path>KakaoTalk_20210713_015452593_13_jpg.rf.de26d37cf715af94e837711724a732be.jpg</path>
	<source>
		<database>roboflow.ai</database>
	</source>
	<size>
		<width>416</width>
		<height>416</height>
		<depth>3</depth>
	</size>
	<segmented>0</segmented>
	<object>
		<name>18</name>
		<pose>Unspecified</pose>
		<truncated>0</truncated>
		<difficult>0</difficult>
		<occluded>0</occluded>
		<bndbox>
			<xmin>51</xmin>
			<xmax>393</xmax>
			<ymin>64</ymin>
			<ymax>364</ymax>
		</bndbox>
	</object>
</annotation>
