<annotation>
	<folder></folder>
	<filename>KakaoTalk_20210713_015557944_04_jpg.rf.5c22c54f3335adef1b81b8f6afd8197e.jpg</filename>
	<path>KakaoTalk_20210713_015557944_04_jpg.rf.5c22c54f3335adef1b81b8f6afd8197e.jpg</path>
	<source>
		<database>roboflow.ai</database>
	</source>
	<size>
		<width>416</width>
		<height>416</height>
		<depth>3</depth>
	</size>
	<segmented>0</segmented>
	<object>
		<name>18</name>
		<pose>Unspecified</pose>
		<truncated>0</truncated>
		<difficult>0</difficult>
		<occluded>0</occluded>
		<bndbox>
			<xmin>1</xmin>
			<xmax>347</xmax>
			<ymin>1</ymin>
			<ymax>330</ymax>
		</bndbox>
	</object>
</annotation>
