<annotation>
	<folder></folder>
	<filename>KakaoTalk_20210713_015557944_06_jpg.rf.121aeacdaad2ea4037c7e2cef863aae7.jpg</filename>
	<path>KakaoTalk_20210713_015557944_06_jpg.rf.121aeacdaad2ea4037c7e2cef863aae7.jpg</path>
	<source>
		<database>roboflow.ai</database>
	</source>
	<size>
		<width>416</width>
		<height>416</height>
		<depth>3</depth>
	</size>
	<segmented>0</segmented>
	<object>
		<name>18</name>
		<pose>Unspecified</pose>
		<truncated>0</truncated>
		<difficult>0</difficult>
		<occluded>0</occluded>
		<bndbox>
			<xmin>1</xmin>
			<xmax>409</xmax>
			<ymin>1</ymin>
			<ymax>325</ymax>
		</bndbox>
	</object>
</annotation>
