<annotation>
	<folder></folder>
	<filename>KakaoTalk_20210713_015557944_05_jpg.rf.273580bf2e96a63c8801a8d5cade8e45.jpg</filename>
	<path>KakaoTalk_20210713_015557944_05_jpg.rf.273580bf2e96a63c8801a8d5cade8e45.jpg</path>
	<source>
		<database>roboflow.ai</database>
	</source>
	<size>
		<width>416</width>
		<height>416</height>
		<depth>3</depth>
	</size>
	<segmented>0</segmented>
	<object>
		<name>18</name>
		<pose>Unspecified</pose>
		<truncated>0</truncated>
		<difficult>0</difficult>
		<occluded>0</occluded>
		<bndbox>
			<xmin>2</xmin>
			<xmax>417</xmax>
			<ymin>1</ymin>
			<ymax>345</ymax>
		</bndbox>
	</object>
</annotation>
