<annotation>
	<folder></folder>
	<filename>KakaoTalk_20210713_015557944_16_jpg.rf.c5f71d7bb71e7fe816d047df429611d7.jpg</filename>
	<path>KakaoTalk_20210713_015557944_16_jpg.rf.c5f71d7bb71e7fe816d047df429611d7.jpg</path>
	<source>
		<database>roboflow.ai</database>
	</source>
	<size>
		<width>416</width>
		<height>416</height>
		<depth>3</depth>
	</size>
	<segmented>0</segmented>
	<object>
		<name>18</name>
		<pose>Unspecified</pose>
		<truncated>0</truncated>
		<difficult>0</difficult>
		<occluded>0</occluded>
		<bndbox>
			<xmin>3</xmin>
			<xmax>321</xmax>
			<ymin>1</ymin>
			<ymax>256</ymax>
		</bndbox>
	</object>
</annotation>
