<annotation>
	<folder></folder>
	<filename>KakaoTalk_20210713_015452593_19_jpg.rf.78c9b90945eae771de03e6b2e328d18a.jpg</filename>
	<path>KakaoTalk_20210713_015452593_19_jpg.rf.78c9b90945eae771de03e6b2e328d18a.jpg</path>
	<source>
		<database>roboflow.ai</database>
	</source>
	<size>
		<width>416</width>
		<height>416</height>
		<depth>3</depth>
	</size>
	<segmented>0</segmented>
	<object>
		<name>18</name>
		<pose>Unspecified</pose>
		<truncated>0</truncated>
		<difficult>0</difficult>
		<occluded>0</occluded>
		<bndbox>
			<xmin>113</xmin>
			<xmax>319</xmax>
			<ymin>71</ymin>
			<ymax>263</ymax>
		</bndbox>
	</object>
</annotation>
