<annotation>
	<folder></folder>
	<filename>KakaoTalk_20210713_015452593_06_jpg.rf.c619dd74f86940d1fcb935a4882bfc65.jpg</filename>
	<path>KakaoTalk_20210713_015452593_06_jpg.rf.c619dd74f86940d1fcb935a4882bfc65.jpg</path>
	<source>
		<database>roboflow.ai</database>
	</source>
	<size>
		<width>416</width>
		<height>416</height>
		<depth>3</depth>
	</size>
	<segmented>0</segmented>
	<object>
		<name>18</name>
		<pose>Unspecified</pose>
		<truncated>0</truncated>
		<difficult>0</difficult>
		<occluded>0</occluded>
		<bndbox>
			<xmin>1</xmin>
			<xmax>359</xmax>
			<ymin>41</ymin>
			<ymax>368</ymax>
		</bndbox>
	</object>
</annotation>
