<annotation>
	<folder></folder>
	<filename>KakaoTalk_20210713_015452593_04_jpg.rf.cfa46deca47b346775373b9b420096e1.jpg</filename>
	<path>KakaoTalk_20210713_015452593_04_jpg.rf.cfa46deca47b346775373b9b420096e1.jpg</path>
	<source>
		<database>roboflow.ai</database>
	</source>
	<size>
		<width>416</width>
		<height>416</height>
		<depth>3</depth>
	</size>
	<segmented>0</segmented>
	<object>
		<name>18</name>
		<pose>Unspecified</pose>
		<truncated>0</truncated>
		<difficult>0</difficult>
		<occluded>0</occluded>
		<bndbox>
			<xmin>12</xmin>
			<xmax>412</xmax>
			<ymin>132</ymin>
			<ymax>348</ymax>
		</bndbox>
	</object>
</annotation>
