<annotation>
	<folder></folder>
	<filename>KakaoTalk_20210713_015452593_14_jpg.rf.3cbe8f2351911da89a8b711eed8cca1c.jpg</filename>
	<path>KakaoTalk_20210713_015452593_14_jpg.rf.3cbe8f2351911da89a8b711eed8cca1c.jpg</path>
	<source>
		<database>roboflow.ai</database>
	</source>
	<size>
		<width>416</width>
		<height>416</height>
		<depth>3</depth>
	</size>
	<segmented>0</segmented>
	<object>
		<name>18</name>
		<pose>Unspecified</pose>
		<truncated>0</truncated>
		<difficult>0</difficult>
		<occluded>0</occluded>
		<bndbox>
			<xmin>1</xmin>
			<xmax>389</xmax>
			<ymin>1</ymin>
			<ymax>383</ymax>
		</bndbox>
	</object>
</annotation>
