<annotation>
	<folder></folder>
	<filename>KakaoTalk_20210713_015557944_08_jpg.rf.834f9ca86e54e9639e9c562c3d7e2e3d.jpg</filename>
	<path>KakaoTalk_20210713_015557944_08_jpg.rf.834f9ca86e54e9639e9c562c3d7e2e3d.jpg</path>
	<source>
		<database>roboflow.ai</database>
	</source>
	<size>
		<width>416</width>
		<height>416</height>
		<depth>3</depth>
	</size>
	<segmented>0</segmented>
	<object>
		<name>18</name>
		<pose>Unspecified</pose>
		<truncated>0</truncated>
		<difficult>0</difficult>
		<occluded>0</occluded>
		<bndbox>
			<xmin>2</xmin>
			<xmax>362</xmax>
			<ymin>6</ymin>
			<ymax>348</ymax>
		</bndbox>
	</object>
</annotation>
