<annotation>
	<folder></folder>
	<filename>KakaoTalk_20210713_015557944_03_jpg.rf.56e5faf1ef26d5229119be8c9ccaa392.jpg</filename>
	<path>KakaoTalk_20210713_015557944_03_jpg.rf.56e5faf1ef26d5229119be8c9ccaa392.jpg</path>
	<source>
		<database>roboflow.ai</database>
	</source>
	<size>
		<width>416</width>
		<height>416</height>
		<depth>3</depth>
	</size>
	<segmented>0</segmented>
	<object>
		<name>18</name>
		<pose>Unspecified</pose>
		<truncated>0</truncated>
		<difficult>0</difficult>
		<occluded>0</occluded>
		<bndbox>
			<xmin>4</xmin>
			<xmax>381</xmax>
			<ymin>12</ymin>
			<ymax>413</ymax>
		</bndbox>
	</object>
</annotation>
