<annotation>
	<folder></folder>
	<filename>KakaoTalk_20210713_015452593_02_jpg.rf.23c6510e8faee07ed4663935500c7f1e.jpg</filename>
	<path>KakaoTalk_20210713_015452593_02_jpg.rf.23c6510e8faee07ed4663935500c7f1e.jpg</path>
	<source>
		<database>roboflow.ai</database>
	</source>
	<size>
		<width>416</width>
		<height>416</height>
		<depth>3</depth>
	</size>
	<segmented>0</segmented>
	<object>
		<name>18</name>
		<pose>Unspecified</pose>
		<truncated>0</truncated>
		<difficult>0</difficult>
		<occluded>0</occluded>
		<bndbox>
			<xmin>15</xmin>
			<xmax>408</xmax>
			<ymin>32</ymin>
			<ymax>343</ymax>
		</bndbox>
	</object>
</annotation>
