<annotation>
	<folder></folder>
	<filename>KakaoTalk_20210713_015557944_01_jpg.rf.a083d74446705bd05b9abe044fcf5970.jpg</filename>
	<path>KakaoTalk_20210713_015557944_01_jpg.rf.a083d74446705bd05b9abe044fcf5970.jpg</path>
	<source>
		<database>roboflow.ai</database>
	</source>
	<size>
		<width>416</width>
		<height>416</height>
		<depth>3</depth>
	</size>
	<segmented>0</segmented>
	<object>
		<name>18</name>
		<pose>Unspecified</pose>
		<truncated>0</truncated>
		<difficult>0</difficult>
		<occluded>0</occluded>
		<bndbox>
			<xmin>3</xmin>
			<xmax>374</xmax>
			<ymin>14</ymin>
			<ymax>412</ymax>
		</bndbox>
	</object>
</annotation>
