<annotation>
	<folder></folder>
	<filename>KakaoTalk_20210713_015557944_07_jpg.rf.e832ead9b3a6a67dae1aaa50f3cf7b9b.jpg</filename>
	<path>KakaoTalk_20210713_015557944_07_jpg.rf.e832ead9b3a6a67dae1aaa50f3cf7b9b.jpg</path>
	<source>
		<database>roboflow.ai</database>
	</source>
	<size>
		<width>416</width>
		<height>416</height>
		<depth>3</depth>
	</size>
	<segmented>0</segmented>
	<object>
		<name>18</name>
		<pose>Unspecified</pose>
		<truncated>0</truncated>
		<difficult>0</difficult>
		<occluded>0</occluded>
		<bndbox>
			<xmin>1</xmin>
			<xmax>276</xmax>
			<ymin>10</ymin>
			<ymax>317</ymax>
		</bndbox>
	</object>
</annotation>
