<annotation>
	<folder></folder>
	<filename>KakaoTalk_20210713_015452593_17_jpg.rf.b1ebb2ec874fc5a254e50c9551a652c8.jpg</filename>
	<path>KakaoTalk_20210713_015452593_17_jpg.rf.b1ebb2ec874fc5a254e50c9551a652c8.jpg</path>
	<source>
		<database>roboflow.ai</database>
	</source>
	<size>
		<width>416</width>
		<height>416</height>
		<depth>3</depth>
	</size>
	<segmented>0</segmented>
	<object>
		<name>18</name>
		<pose>Unspecified</pose>
		<truncated>0</truncated>
		<difficult>0</difficult>
		<occluded>0</occluded>
		<bndbox>
			<xmin>3</xmin>
			<xmax>395</xmax>
			<ymin>27</ymin>
			<ymax>275</ymax>
		</bndbox>
	</object>
</annotation>
