<annotation>
	<folder></folder>
	<filename>KakaoTalk_20210713_015452593_24_jpg.rf.d0053c22a9dabfb13d29d6ec195317ca.jpg</filename>
	<path>KakaoTalk_20210713_015452593_24_jpg.rf.d0053c22a9dabfb13d29d6ec195317ca.jpg</path>
	<source>
		<database>roboflow.ai</database>
	</source>
	<size>
		<width>416</width>
		<height>416</height>
		<depth>3</depth>
	</size>
	<segmented>0</segmented>
	<object>
		<name>18</name>
		<pose>Unspecified</pose>
		<truncated>0</truncated>
		<difficult>0</difficult>
		<occluded>0</occluded>
		<bndbox>
			<xmin>34</xmin>
			<xmax>416</xmax>
			<ymin>1</ymin>
			<ymax>299</ymax>
		</bndbox>
	</object>
</annotation>
