<annotation>
	<folder></folder>
	<filename>KakaoTalk_20210713_015557944_12_jpg.rf.d210ec6a7dc7130aba8d8567cedf15c1.jpg</filename>
	<path>KakaoTalk_20210713_015557944_12_jpg.rf.d210ec6a7dc7130aba8d8567cedf15c1.jpg</path>
	<source>
		<database>roboflow.ai</database>
	</source>
	<size>
		<width>416</width>
		<height>416</height>
		<depth>3</depth>
	</size>
	<segmented>0</segmented>
	<object>
		<name>18</name>
		<pose>Unspecified</pose>
		<truncated>0</truncated>
		<difficult>0</difficult>
		<occluded>0</occluded>
		<bndbox>
			<xmin>35</xmin>
			<xmax>417</xmax>
			<ymin>39</ymin>
			<ymax>333</ymax>
		</bndbox>
	</object>
</annotation>
