<annotation>
	<folder></folder>
	<filename>KakaoTalk_20210713_015557944_14_jpg.rf.b00f15367590079fee6f93cecebcbfa1.jpg</filename>
	<path>KakaoTalk_20210713_015557944_14_jpg.rf.b00f15367590079fee6f93cecebcbfa1.jpg</path>
	<source>
		<database>roboflow.ai</database>
	</source>
	<size>
		<width>416</width>
		<height>416</height>
		<depth>3</depth>
	</size>
	<segmented>0</segmented>
	<object>
		<name>18</name>
		<pose>Unspecified</pose>
		<truncated>0</truncated>
		<difficult>0</difficult>
		<occluded>0</occluded>
		<bndbox>
			<xmin>1</xmin>
			<xmax>145</xmax>
			<ymin>151</ymin>
			<ymax>335</ymax>
		</bndbox>
	</object>
</annotation>
