<annotation>
	<folder></folder>
	<filename>KakaoTalk_20210713_015452593_27_jpg.rf.357f77acf8cbd796ffecf4e27c1d0778.jpg</filename>
	<path>KakaoTalk_20210713_015452593_27_jpg.rf.357f77acf8cbd796ffecf4e27c1d0778.jpg</path>
	<source>
		<database>roboflow.ai</database>
	</source>
	<size>
		<width>416</width>
		<height>416</height>
		<depth>3</depth>
	</size>
	<segmented>0</segmented>
	<object>
		<name>18</name>
		<pose>Unspecified</pose>
		<truncated>0</truncated>
		<difficult>0</difficult>
		<occluded>0</occluded>
		<bndbox>
			<xmin>1</xmin>
			<xmax>417</xmax>
			<ymin>21</ymin>
			<ymax>394</ymax>
		</bndbox>
	</object>
</annotation>
