<annotation>
	<folder></folder>
	<filename>KakaoTalk_20210713_015557944_17_jpg.rf.fe8fe06bc2cc3c705dcc4706207185ec.jpg</filename>
	<path>KakaoTalk_20210713_015557944_17_jpg.rf.fe8fe06bc2cc3c705dcc4706207185ec.jpg</path>
	<source>
		<database>roboflow.ai</database>
	</source>
	<size>
		<width>416</width>
		<height>416</height>
		<depth>3</depth>
	</size>
	<segmented>0</segmented>
	<object>
		<name>18</name>
		<pose>Unspecified</pose>
		<truncated>0</truncated>
		<difficult>0</difficult>
		<occluded>0</occluded>
		<bndbox>
			<xmin>1</xmin>
			<xmax>398</xmax>
			<ymin>19</ymin>
			<ymax>385</ymax>
		</bndbox>
	</object>
</annotation>
