<annotation>
	<folder></folder>
	<filename>KakaoTalk_20210713_015452593_jpg.rf.b6f75b595d9cc55e0bae78834694f253.jpg</filename>
	<path>KakaoTalk_20210713_015452593_jpg.rf.b6f75b595d9cc55e0bae78834694f253.jpg</path>
	<source>
		<database>roboflow.ai</database>
	</source>
	<size>
		<width>416</width>
		<height>416</height>
		<depth>3</depth>
	</size>
	<segmented>0</segmented>
	<object>
		<name>18</name>
		<pose>Unspecified</pose>
		<truncated>0</truncated>
		<difficult>0</difficult>
		<occluded>0</occluded>
		<bndbox>
			<xmin>29</xmin>
			<xmax>409</xmax>
			<ymin>30</ymin>
			<ymax>338</ymax>
		</bndbox>
	</object>
</annotation>
