<annotation>
	<folder></folder>
	<filename>KakaoTalk_20210713_015557944_10_jpg.rf.0ac9aa2b863780d6471c606a743914fd.jpg</filename>
	<path>KakaoTalk_20210713_015557944_10_jpg.rf.0ac9aa2b863780d6471c606a743914fd.jpg</path>
	<source>
		<database>roboflow.ai</database>
	</source>
	<size>
		<width>416</width>
		<height>416</height>
		<depth>3</depth>
	</size>
	<segmented>0</segmented>
	<object>
		<name>18</name>
		<pose>Unspecified</pose>
		<truncated>0</truncated>
		<difficult>0</difficult>
		<occluded>0</occluded>
		<bndbox>
			<xmin>1</xmin>
			<xmax>417</xmax>
			<ymin>13</ymin>
			<ymax>330</ymax>
		</bndbox>
	</object>
</annotation>
