<annotation>
	<folder></folder>
	<filename>KakaoTalk_20210713_015452593_09_jpg.rf.b3694f77817981bfdf7ef592ce099923.jpg</filename>
	<path>KakaoTalk_20210713_015452593_09_jpg.rf.b3694f77817981bfdf7ef592ce099923.jpg</path>
	<source>
		<database>roboflow.ai</database>
	</source>
	<size>
		<width>416</width>
		<height>416</height>
		<depth>3</depth>
	</size>
	<segmented>0</segmented>
	<object>
		<name>18</name>
		<pose>Unspecified</pose>
		<truncated>0</truncated>
		<difficult>0</difficult>
		<occluded>0</occluded>
		<bndbox>
			<xmin>1</xmin>
			<xmax>392</xmax>
			<ymin>18</ymin>
			<ymax>356</ymax>
		</bndbox>
	</object>
</annotation>
