<annotation>
	<folder></folder>
	<filename>KakaoTalk_20210713_015452593_05_jpg.rf.4fe8c2579a5c0dbc0acc79a4ed73fa22.jpg</filename>
	<path>KakaoTalk_20210713_015452593_05_jpg.rf.4fe8c2579a5c0dbc0acc79a4ed73fa22.jpg</path>
	<source>
		<database>roboflow.ai</database>
	</source>
	<size>
		<width>416</width>
		<height>416</height>
		<depth>3</depth>
	</size>
	<segmented>0</segmented>
	<object>
		<name>18</name>
		<pose>Unspecified</pose>
		<truncated>0</truncated>
		<difficult>0</difficult>
		<occluded>0</occluded>
		<bndbox>
			<xmin>3</xmin>
			<xmax>409</xmax>
			<ymin>5</ymin>
			<ymax>336</ymax>
		</bndbox>
	</object>
</annotation>
