<annotation>
	<folder></folder>
	<filename>KakaoTalk_20210713_015452593_26_jpg.rf.c78cfb21454e2ee33d3cd7794d9f1786.jpg</filename>
	<path>KakaoTalk_20210713_015452593_26_jpg.rf.c78cfb21454e2ee33d3cd7794d9f1786.jpg</path>
	<source>
		<database>roboflow.ai</database>
	</source>
	<size>
		<width>416</width>
		<height>416</height>
		<depth>3</depth>
	</size>
	<segmented>0</segmented>
	<object>
		<name>18</name>
		<pose>Unspecified</pose>
		<truncated>0</truncated>
		<difficult>0</difficult>
		<occluded>0</occluded>
		<bndbox>
			<xmin>1</xmin>
			<xmax>416</xmax>
			<ymin>31</ymin>
			<ymax>395</ymax>
		</bndbox>
	</object>
</annotation>
