<annotation>
	<folder></folder>
	<filename>KakaoTalk_20210713_015557944_09_jpg.rf.0f3b75c43c007f8698b0b2ea3c488f70.jpg</filename>
	<path>KakaoTalk_20210713_015557944_09_jpg.rf.0f3b75c43c007f8698b0b2ea3c488f70.jpg</path>
	<source>
		<database>roboflow.ai</database>
	</source>
	<size>
		<width>416</width>
		<height>416</height>
		<depth>3</depth>
	</size>
	<segmented>0</segmented>
	<object>
		<name>18</name>
		<pose>Unspecified</pose>
		<truncated>0</truncated>
		<difficult>0</difficult>
		<occluded>0</occluded>
		<bndbox>
			<xmin>20</xmin>
			<xmax>411</xmax>
			<ymin>41</ymin>
			<ymax>344</ymax>
		</bndbox>
	</object>
</annotation>
