<annotation>
	<folder></folder>
	<filename>KakaoTalk_20210713_015452593_28_jpg.rf.2e49747f20a6d5a19349d497db3bffd4.jpg</filename>
	<path>KakaoTalk_20210713_015452593_28_jpg.rf.2e49747f20a6d5a19349d497db3bffd4.jpg</path>
	<source>
		<database>roboflow.ai</database>
	</source>
	<size>
		<width>416</width>
		<height>416</height>
		<depth>3</depth>
	</size>
	<segmented>0</segmented>
	<object>
		<name>18</name>
		<pose>Unspecified</pose>
		<truncated>0</truncated>
		<difficult>0</difficult>
		<occluded>0</occluded>
		<bndbox>
			<xmin>1</xmin>
			<xmax>375</xmax>
			<ymin>6</ymin>
			<ymax>390</ymax>
		</bndbox>
	</object>
</annotation>
