<annotation>
	<folder></folder>
	<filename>KakaoTalk_20210713_015452593_10_jpg.rf.e6a9059b59481d4424a8e7faf64815d2.jpg</filename>
	<path>KakaoTalk_20210713_015452593_10_jpg.rf.e6a9059b59481d4424a8e7faf64815d2.jpg</path>
	<source>
		<database>roboflow.ai</database>
	</source>
	<size>
		<width>416</width>
		<height>416</height>
		<depth>3</depth>
	</size>
	<segmented>0</segmented>
	<object>
		<name>18</name>
		<pose>Unspecified</pose>
		<truncated>0</truncated>
		<difficult>0</difficult>
		<occluded>0</occluded>
		<bndbox>
			<xmin>2</xmin>
			<xmax>417</xmax>
			<ymin>72</ymin>
			<ymax>416</ymax>
		</bndbox>
	</object>
</annotation>
