<annotation>
	<folder></folder>
	<filename>KakaoTalk_20210713_015557944_jpg.rf.9fe16b1eee053f984b95602b2e56fe11.jpg</filename>
	<path>KakaoTalk_20210713_015557944_jpg.rf.9fe16b1eee053f984b95602b2e56fe11.jpg</path>
	<source>
		<database>roboflow.ai</database>
	</source>
	<size>
		<width>416</width>
		<height>416</height>
		<depth>3</depth>
	</size>
	<segmented>0</segmented>
	<object>
		<name>18</name>
		<pose>Unspecified</pose>
		<truncated>0</truncated>
		<difficult>0</difficult>
		<occluded>0</occluded>
		<bndbox>
			<xmin>322</xmin>
			<xmax>413</xmax>
			<ymin>315</ymin>
			<ymax>392</ymax>
		</bndbox>
	</object>
</annotation>
