<annotation>
	<folder></folder>
	<filename>KakaoTalk_20210713_015557944_13_jpg.rf.069450880d1bac5a066e9ae9447184f6.jpg</filename>
	<path>KakaoTalk_20210713_015557944_13_jpg.rf.069450880d1bac5a066e9ae9447184f6.jpg</path>
	<source>
		<database>roboflow.ai</database>
	</source>
	<size>
		<width>416</width>
		<height>416</height>
		<depth>3</depth>
	</size>
	<segmented>0</segmented>
	<object>
		<name>18</name>
		<pose>Unspecified</pose>
		<truncated>0</truncated>
		<difficult>0</difficult>
		<occluded>0</occluded>
		<bndbox>
			<xmin>1</xmin>
			<xmax>265</xmax>
			<ymin>2</ymin>
			<ymax>312</ymax>
		</bndbox>
	</object>
</annotation>
