<annotation>
	<folder></folder>
	<filename>KakaoTalk_20210713_015557944_02_jpg.rf.97fa254e519957065956ad30fe8865dd.jpg</filename>
	<path>KakaoTalk_20210713_015557944_02_jpg.rf.97fa254e519957065956ad30fe8865dd.jpg</path>
	<source>
		<database>roboflow.ai</database>
	</source>
	<size>
		<width>416</width>
		<height>416</height>
		<depth>3</depth>
	</size>
	<segmented>0</segmented>
	<object>
		<name>18</name>
		<pose>Unspecified</pose>
		<truncated>0</truncated>
		<difficult>0</difficult>
		<occluded>0</occluded>
		<bndbox>
			<xmin>43</xmin>
			<xmax>416</xmax>
			<ymin>4</ymin>
			<ymax>405</ymax>
		</bndbox>
	</object>
</annotation>
