<annotation>
	<folder></folder>
	<filename>KakaoTalk_20210713_015452593_16_jpg.rf.678c33bff43bad92b86425994e145b03.jpg</filename>
	<path>KakaoTalk_20210713_015452593_16_jpg.rf.678c33bff43bad92b86425994e145b03.jpg</path>
	<source>
		<database>roboflow.ai</database>
	</source>
	<size>
		<width>416</width>
		<height>416</height>
		<depth>3</depth>
	</size>
	<segmented>0</segmented>
	<object>
		<name>18</name>
		<pose>Unspecified</pose>
		<truncated>0</truncated>
		<difficult>0</difficult>
		<occluded>0</occluded>
		<bndbox>
			<xmin>309</xmin>
			<xmax>414</xmax>
			<ymin>198</ymin>
			<ymax>368</ymax>
		</bndbox>
	</object>
</annotation>
