<annotation>
	<folder></folder>
	<filename>KakaoTalk_20210713_015557944_15_jpg.rf.919567bf2d036b34263cb941788be1ef.jpg</filename>
	<path>KakaoTalk_20210713_015557944_15_jpg.rf.919567bf2d036b34263cb941788be1ef.jpg</path>
	<source>
		<database>roboflow.ai</database>
	</source>
	<size>
		<width>416</width>
		<height>416</height>
		<depth>3</depth>
	</size>
	<segmented>0</segmented>
	<object>
		<name>18</name>
		<pose>Unspecified</pose>
		<truncated>0</truncated>
		<difficult>0</difficult>
		<occluded>0</occluded>
		<bndbox>
			<xmin>15</xmin>
			<xmax>417</xmax>
			<ymin>22</ymin>
			<ymax>360</ymax>
		</bndbox>
	</object>
</annotation>
