<annotation>
	<folder></folder>
	<filename>KakaoTalk_20210713_015452593_18_jpg.rf.2c5a1198e7446fbfe2ae0f37d92ee4b4.jpg</filename>
	<path>KakaoTalk_20210713_015452593_18_jpg.rf.2c5a1198e7446fbfe2ae0f37d92ee4b4.jpg</path>
	<source>
		<database>roboflow.ai</database>
	</source>
	<size>
		<width>416</width>
		<height>416</height>
		<depth>3</depth>
	</size>
	<segmented>0</segmented>
	<object>
		<name>18</name>
		<pose>Unspecified</pose>
		<truncated>0</truncated>
		<difficult>0</difficult>
		<occluded>0</occluded>
		<bndbox>
			<xmin>12</xmin>
			<xmax>413</xmax>
			<ymin>25</ymin>
			<ymax>271</ymax>
		</bndbox>
	</object>
</annotation>
