<annotation>
	<folder></folder>
	<filename>KakaoTalk_20210713_015452593_03_jpg.rf.8ca8fa0cb8149094d4ce6eb082f0b8db.jpg</filename>
	<path>KakaoTalk_20210713_015452593_03_jpg.rf.8ca8fa0cb8149094d4ce6eb082f0b8db.jpg</path>
	<source>
		<database>roboflow.ai</database>
	</source>
	<size>
		<width>416</width>
		<height>416</height>
		<depth>3</depth>
	</size>
	<segmented>0</segmented>
	<object>
		<name>18</name>
		<pose>Unspecified</pose>
		<truncated>0</truncated>
		<difficult>0</difficult>
		<occluded>0</occluded>
		<bndbox>
			<xmin>3</xmin>
			<xmax>417</xmax>
			<ymin>1</ymin>
			<ymax>327</ymax>
		</bndbox>
	</object>
</annotation>
