<annotation>
	<folder></folder>
	<filename>KakaoTalk_20210713_015557944_18_jpg.rf.c09aec00c4703b28edb90b678de6bf4a.jpg</filename>
	<path>KakaoTalk_20210713_015557944_18_jpg.rf.c09aec00c4703b28edb90b678de6bf4a.jpg</path>
	<source>
		<database>roboflow.ai</database>
	</source>
	<size>
		<width>416</width>
		<height>416</height>
		<depth>3</depth>
	</size>
	<segmented>0</segmented>
	<object>
		<name>18</name>
		<pose>Unspecified</pose>
		<truncated>0</truncated>
		<difficult>0</difficult>
		<occluded>0</occluded>
		<bndbox>
			<xmin>1</xmin>
			<xmax>417</xmax>
			<ymin>1</ymin>
			<ymax>357</ymax>
		</bndbox>
	</object>
</annotation>
