<annotation>
	<folder></folder>
	<filename>KakaoTalk_20210714_204222817_12_jpg.rf.50f0f455e576d69128a13c167dc9e301.jpg</filename>
	<path>KakaoTalk_20210714_204222817_12_jpg.rf.50f0f455e576d69128a13c167dc9e301.jpg</path>
	<source>
		<database>roboflow.ai</database>
	</source>
	<size>
		<width>416</width>
		<height>416</height>
		<depth>3</depth>
	</size>
	<segmented>0</segmented>
	<object>
		<name>2</name>
		<pose>Unspecified</pose>
		<truncated>0</truncated>
		<difficult>0</difficult>
		<occluded>0</occluded>
		<bndbox>
			<xmin>15</xmin>
			<xmax>416</xmax>
			<ymin>1</ymin>
			<ymax>416</ymax>
		</bndbox>
	</object>
</annotation>
