<annotation>
	<folder></folder>
	<filename>KakaoTalk_20210714_204222817_07_jpg.rf.8d0884870ca673864b926d8c09b77ee3.jpg</filename>
	<path>KakaoTalk_20210714_204222817_07_jpg.rf.8d0884870ca673864b926d8c09b77ee3.jpg</path>
	<source>
		<database>roboflow.ai</database>
	</source>
	<size>
		<width>416</width>
		<height>416</height>
		<depth>3</depth>
	</size>
	<segmented>0</segmented>
	<object>
		<name>2</name>
		<pose>Unspecified</pose>
		<truncated>0</truncated>
		<difficult>0</difficult>
		<occluded>0</occluded>
		<bndbox>
			<xmin>2</xmin>
			<xmax>417</xmax>
			<ymin>11</ymin>
			<ymax>401</ymax>
		</bndbox>
	</object>
</annotation>
