<annotation>
	<folder></folder>
	<filename>KakaoTalk_20210714_204222817_21_jpg.rf.b1f7dc5cbd79d72d1449166dea1c1a83.jpg</filename>
	<path>KakaoTalk_20210714_204222817_21_jpg.rf.b1f7dc5cbd79d72d1449166dea1c1a83.jpg</path>
	<source>
		<database>roboflow.ai</database>
	</source>
	<size>
		<width>416</width>
		<height>416</height>
		<depth>3</depth>
	</size>
	<segmented>0</segmented>
	<object>
		<name>2</name>
		<pose>Unspecified</pose>
		<truncated>0</truncated>
		<difficult>0</difficult>
		<occluded>0</occluded>
		<bndbox>
			<xmin>1</xmin>
			<xmax>293</xmax>
			<ymin>5</ymin>
			<ymax>411</ymax>
		</bndbox>
	</object>
</annotation>
