<annotation>
	<folder></folder>
	<filename>KakaoTalk_20210714_204222817_05_jpg.rf.8bf042581caba86c8370da13be511c1d.jpg</filename>
	<path>KakaoTalk_20210714_204222817_05_jpg.rf.8bf042581caba86c8370da13be511c1d.jpg</path>
	<source>
		<database>roboflow.ai</database>
	</source>
	<size>
		<width>416</width>
		<height>416</height>
		<depth>3</depth>
	</size>
	<segmented>0</segmented>
	<object>
		<name>2</name>
		<pose>Unspecified</pose>
		<truncated>0</truncated>
		<difficult>0</difficult>
		<occluded>0</occluded>
		<bndbox>
			<xmin>13</xmin>
			<xmax>415</xmax>
			<ymin>24</ymin>
			<ymax>414</ymax>
		</bndbox>
	</object>
</annotation>
