<annotation>
	<folder></folder>
	<filename>KakaoTalk_20210714_204222817_11_jpg.rf.7ed7dd069f8b6f7f3012fba9f1ecdf84.jpg</filename>
	<path>KakaoTalk_20210714_204222817_11_jpg.rf.7ed7dd069f8b6f7f3012fba9f1ecdf84.jpg</path>
	<source>
		<database>roboflow.ai</database>
	</source>
	<size>
		<width>416</width>
		<height>416</height>
		<depth>3</depth>
	</size>
	<segmented>0</segmented>
	<object>
		<name>2</name>
		<pose>Unspecified</pose>
		<truncated>0</truncated>
		<difficult>0</difficult>
		<occluded>0</occluded>
		<bndbox>
			<xmin>1</xmin>
			<xmax>413</xmax>
			<ymin>1</ymin>
			<ymax>408</ymax>
		</bndbox>
	</object>
</annotation>
