<annotation>
	<folder></folder>
	<filename>KakaoTalk_20210714_204222817_13_jpg.rf.f45b68e32eb772296a5e65d4139a3c71.jpg</filename>
	<path>KakaoTalk_20210714_204222817_13_jpg.rf.f45b68e32eb772296a5e65d4139a3c71.jpg</path>
	<source>
		<database>roboflow.ai</database>
	</source>
	<size>
		<width>416</width>
		<height>416</height>
		<depth>3</depth>
	</size>
	<segmented>0</segmented>
	<object>
		<name>2</name>
		<pose>Unspecified</pose>
		<truncated>0</truncated>
		<difficult>0</difficult>
		<occluded>0</occluded>
		<bndbox>
			<xmin>3</xmin>
			<xmax>416</xmax>
			<ymin>74</ymin>
			<ymax>356</ymax>
		</bndbox>
	</object>
</annotation>
