<annotation>
	<folder></folder>
	<filename>KakaoTalk_20210714_204222817_01_jpg.rf.c07412e367d6d0bd8949e8ec0043281c.jpg</filename>
	<path>KakaoTalk_20210714_204222817_01_jpg.rf.c07412e367d6d0bd8949e8ec0043281c.jpg</path>
	<source>
		<database>roboflow.ai</database>
	</source>
	<size>
		<width>416</width>
		<height>416</height>
		<depth>3</depth>
	</size>
	<segmented>0</segmented>
	<object>
		<name>2</name>
		<pose>Unspecified</pose>
		<truncated>0</truncated>
		<difficult>0</difficult>
		<occluded>0</occluded>
		<bndbox>
			<xmin>59</xmin>
			<xmax>416</xmax>
			<ymin>28</ymin>
			<ymax>416</ymax>
		</bndbox>
	</object>
</annotation>
