<annotation>
	<folder></folder>
	<filename>KakaoTalk_20210714_204222817_16_jpg.rf.a99ddba51ba1fb6d123476fd0a11d5cd.jpg</filename>
	<path>KakaoTalk_20210714_204222817_16_jpg.rf.a99ddba51ba1fb6d123476fd0a11d5cd.jpg</path>
	<source>
		<database>roboflow.ai</database>
	</source>
	<size>
		<width>416</width>
		<height>416</height>
		<depth>3</depth>
	</size>
	<segmented>0</segmented>
	<object>
		<name>2</name>
		<pose>Unspecified</pose>
		<truncated>0</truncated>
		<difficult>0</difficult>
		<occluded>0</occluded>
		<bndbox>
			<xmin>3</xmin>
			<xmax>416</xmax>
			<ymin>25</ymin>
			<ymax>415</ymax>
		</bndbox>
	</object>
</annotation>
