<annotation>
	<folder></folder>
	<filename>KakaoTalk_20210714_204222817_14_jpg.rf.d734b5d82bf6e97daf02da3f912a19e2.jpg</filename>
	<path>KakaoTalk_20210714_204222817_14_jpg.rf.d734b5d82bf6e97daf02da3f912a19e2.jpg</path>
	<source>
		<database>roboflow.ai</database>
	</source>
	<size>
		<width>416</width>
		<height>416</height>
		<depth>3</depth>
	</size>
	<segmented>0</segmented>
	<object>
		<name>2</name>
		<pose>Unspecified</pose>
		<truncated>0</truncated>
		<difficult>0</difficult>
		<occluded>0</occluded>
		<bndbox>
			<xmin>1</xmin>
			<xmax>417</xmax>
			<ymin>4</ymin>
			<ymax>376</ymax>
		</bndbox>
	</object>
</annotation>
