<annotation>
	<folder></folder>
	<filename>KakaoTalk_20210714_204222817_17_jpg.rf.2d51b6c1fdd143d87212ab0483f5fd1f.jpg</filename>
	<path>KakaoTalk_20210714_204222817_17_jpg.rf.2d51b6c1fdd143d87212ab0483f5fd1f.jpg</path>
	<source>
		<database>roboflow.ai</database>
	</source>
	<size>
		<width>416</width>
		<height>416</height>
		<depth>3</depth>
	</size>
	<segmented>0</segmented>
	<object>
		<name>2</name>
		<pose>Unspecified</pose>
		<truncated>0</truncated>
		<difficult>0</difficult>
		<occluded>0</occluded>
		<bndbox>
			<xmin>2</xmin>
			<xmax>417</xmax>
			<ymin>2</ymin>
			<ymax>416</ymax>
		</bndbox>
	</object>
</annotation>
