<annotation>
	<folder></folder>
	<filename>KakaoTalk_20210714_204222817_06_jpg.rf.604ec98ba91c542d2848fdb09bdfc6aa.jpg</filename>
	<path>KakaoTalk_20210714_204222817_06_jpg.rf.604ec98ba91c542d2848fdb09bdfc6aa.jpg</path>
	<source>
		<database>roboflow.ai</database>
	</source>
	<size>
		<width>416</width>
		<height>416</height>
		<depth>3</depth>
	</size>
	<segmented>0</segmented>
	<object>
		<name>2</name>
		<pose>Unspecified</pose>
		<truncated>0</truncated>
		<difficult>0</difficult>
		<occluded>0</occluded>
		<bndbox>
			<xmin>31</xmin>
			<xmax>415</xmax>
			<ymin>8</ymin>
			<ymax>413</ymax>
		</bndbox>
	</object>
</annotation>
