<annotation>
	<folder></folder>
	<filename>KakaoTalk_20210714_204222817_02_jpg.rf.b96ad25f2baa71829822eeef719978c9.jpg</filename>
	<path>KakaoTalk_20210714_204222817_02_jpg.rf.b96ad25f2baa71829822eeef719978c9.jpg</path>
	<source>
		<database>roboflow.ai</database>
	</source>
	<size>
		<width>416</width>
		<height>416</height>
		<depth>3</depth>
	</size>
	<segmented>0</segmented>
	<object>
		<name>2</name>
		<pose>Unspecified</pose>
		<truncated>0</truncated>
		<difficult>0</difficult>
		<occluded>0</occluded>
		<bndbox>
			<xmin>1</xmin>
			<xmax>411</xmax>
			<ymin>2</ymin>
			<ymax>416</ymax>
		</bndbox>
	</object>
</annotation>
