<annotation>
	<folder></folder>
	<filename>KakaoTalk_20210714_204222817_15_jpg.rf.ae6114b1fde04a7057e5fbfbfbb84705.jpg</filename>
	<path>KakaoTalk_20210714_204222817_15_jpg.rf.ae6114b1fde04a7057e5fbfbfbb84705.jpg</path>
	<source>
		<database>roboflow.ai</database>
	</source>
	<size>
		<width>416</width>
		<height>416</height>
		<depth>3</depth>
	</size>
	<segmented>0</segmented>
	<object>
		<name>2</name>
		<pose>Unspecified</pose>
		<truncated>0</truncated>
		<difficult>0</difficult>
		<occluded>0</occluded>
		<bndbox>
			<xmin>5</xmin>
			<xmax>379</xmax>
			<ymin>1</ymin>
			<ymax>377</ymax>
		</bndbox>
	</object>
</annotation>
