<annotation>
	<folder></folder>
	<filename>KakaoTalk_20210714_204222817_20_jpg.rf.e5572b2157f4175bbc6ac9b1d7c4df62.jpg</filename>
	<path>KakaoTalk_20210714_204222817_20_jpg.rf.e5572b2157f4175bbc6ac9b1d7c4df62.jpg</path>
	<source>
		<database>roboflow.ai</database>
	</source>
	<size>
		<width>416</width>
		<height>416</height>
		<depth>3</depth>
	</size>
	<segmented>0</segmented>
	<object>
		<name>2</name>
		<pose>Unspecified</pose>
		<truncated>0</truncated>
		<difficult>0</difficult>
		<occluded>0</occluded>
		<bndbox>
			<xmin>1</xmin>
			<xmax>409</xmax>
			<ymin>3</ymin>
			<ymax>416</ymax>
		</bndbox>
	</object>
</annotation>
