<annotation>
	<folder></folder>
	<filename>KakaoTalk_20210714_204222817_10_jpg.rf.0e98ffc9da4f8d949683375f84576ffd.jpg</filename>
	<path>KakaoTalk_20210714_204222817_10_jpg.rf.0e98ffc9da4f8d949683375f84576ffd.jpg</path>
	<source>
		<database>roboflow.ai</database>
	</source>
	<size>
		<width>416</width>
		<height>416</height>
		<depth>3</depth>
	</size>
	<segmented>0</segmented>
	<object>
		<name>2</name>
		<pose>Unspecified</pose>
		<truncated>0</truncated>
		<difficult>0</difficult>
		<occluded>0</occluded>
		<bndbox>
			<xmin>4</xmin>
			<xmax>412</xmax>
			<ymin>11</ymin>
			<ymax>411</ymax>
		</bndbox>
	</object>
</annotation>
