<annotation>
	<folder></folder>
	<filename>KakaoTalk_20210714_204222817_19_jpg.rf.e9b6d0746e2e56d77e79afc23fbe2382.jpg</filename>
	<path>KakaoTalk_20210714_204222817_19_jpg.rf.e9b6d0746e2e56d77e79afc23fbe2382.jpg</path>
	<source>
		<database>roboflow.ai</database>
	</source>
	<size>
		<width>416</width>
		<height>416</height>
		<depth>3</depth>
	</size>
	<segmented>0</segmented>
	<object>
		<name>2</name>
		<pose>Unspecified</pose>
		<truncated>0</truncated>
		<difficult>0</difficult>
		<occluded>0</occluded>
		<bndbox>
			<xmin>2</xmin>
			<xmax>416</xmax>
			<ymin>1</ymin>
			<ymax>417</ymax>
		</bndbox>
	</object>
</annotation>
