<annotation>
	<folder></folder>
	<filename>KakaoTalk_20210714_204222817_08_jpg.rf.d1e8af3e5bbb8972dec1325a82ff1c47.jpg</filename>
	<path>KakaoTalk_20210714_204222817_08_jpg.rf.d1e8af3e5bbb8972dec1325a82ff1c47.jpg</path>
	<source>
		<database>roboflow.ai</database>
	</source>
	<size>
		<width>416</width>
		<height>416</height>
		<depth>3</depth>
	</size>
	<segmented>0</segmented>
	<object>
		<name>2</name>
		<pose>Unspecified</pose>
		<truncated>0</truncated>
		<difficult>0</difficult>
		<occluded>0</occluded>
		<bndbox>
			<xmin>2</xmin>
			<xmax>417</xmax>
			<ymin>2</ymin>
			<ymax>411</ymax>
		</bndbox>
	</object>
</annotation>
