<annotation>
	<folder></folder>
	<filename>KakaoTalk_20210714_204222817_09_jpg.rf.8ab083f61ad70f6f158afe8e8339a7b4.jpg</filename>
	<path>KakaoTalk_20210714_204222817_09_jpg.rf.8ab083f61ad70f6f158afe8e8339a7b4.jpg</path>
	<source>
		<database>roboflow.ai</database>
	</source>
	<size>
		<width>416</width>
		<height>416</height>
		<depth>3</depth>
	</size>
	<segmented>0</segmented>
	<object>
		<name>2</name>
		<pose>Unspecified</pose>
		<truncated>0</truncated>
		<difficult>0</difficult>
		<occluded>0</occluded>
		<bndbox>
			<xmin>2</xmin>
			<xmax>416</xmax>
			<ymin>4</ymin>
			<ymax>415</ymax>
		</bndbox>
	</object>
</annotation>
