<annotation>
	<folder></folder>
	<filename>KakaoTalk_20210713_014635648_20_jpg.rf.b3d6761e71eecce0617b0e37bfcaedd6.jpg</filename>
	<path>KakaoTalk_20210713_014635648_20_jpg.rf.b3d6761e71eecce0617b0e37bfcaedd6.jpg</path>
	<source>
		<database>roboflow.ai</database>
	</source>
	<size>
		<width>416</width>
		<height>416</height>
		<depth>3</depth>
	</size>
	<segmented>0</segmented>
	<object>
		<name>15</name>
		<pose>Unspecified</pose>
		<truncated>0</truncated>
		<difficult>0</difficult>
		<occluded>0</occluded>
		<bndbox>
			<xmin>1</xmin>
			<xmax>403</xmax>
			<ymin>10</ymin>
			<ymax>362</ymax>
		</bndbox>
	</object>
</annotation>
