<annotation>
	<folder></folder>
	<filename>KakaoTalk_20210713_014635648_03_jpg.rf.f510d14c4fe30a0e12bf4bbc760dae31.jpg</filename>
	<path>KakaoTalk_20210713_014635648_03_jpg.rf.f510d14c4fe30a0e12bf4bbc760dae31.jpg</path>
	<source>
		<database>roboflow.ai</database>
	</source>
	<size>
		<width>416</width>
		<height>416</height>
		<depth>3</depth>
	</size>
	<segmented>0</segmented>
	<object>
		<name>15</name>
		<pose>Unspecified</pose>
		<truncated>0</truncated>
		<difficult>0</difficult>
		<occluded>0</occluded>
		<bndbox>
			<xmin>60</xmin>
			<xmax>417</xmax>
			<ymin>39</ymin>
			<ymax>318</ymax>
		</bndbox>
	</object>
</annotation>
