<annotation>
	<folder></folder>
	<filename>KakaoTalk_20210713_014635648_jpg.rf.fb8b67d15a3cd8e5357778cd081d84b6.jpg</filename>
	<path>KakaoTalk_20210713_014635648_jpg.rf.fb8b67d15a3cd8e5357778cd081d84b6.jpg</path>
	<source>
		<database>roboflow.ai</database>
	</source>
	<size>
		<width>416</width>
		<height>416</height>
		<depth>3</depth>
	</size>
	<segmented>0</segmented>
	<object>
		<name>15</name>
		<pose>Unspecified</pose>
		<truncated>0</truncated>
		<difficult>0</difficult>
		<occluded>0</occluded>
		<bndbox>
			<xmin>21</xmin>
			<xmax>416</xmax>
			<ymin>70</ymin>
			<ymax>370</ymax>
		</bndbox>
	</object>
</annotation>
