<annotation>
	<folder></folder>
	<filename>KakaoTalk_20210713_014635648_14_jpg.rf.ea1c2729cfeb5ad7a85e43cb723acb63.jpg</filename>
	<path>KakaoTalk_20210713_014635648_14_jpg.rf.ea1c2729cfeb5ad7a85e43cb723acb63.jpg</path>
	<source>
		<database>roboflow.ai</database>
	</source>
	<size>
		<width>416</width>
		<height>416</height>
		<depth>3</depth>
	</size>
	<segmented>0</segmented>
	<object>
		<name>15</name>
		<pose>Unspecified</pose>
		<truncated>0</truncated>
		<difficult>0</difficult>
		<occluded>0</occluded>
		<bndbox>
			<xmin>19</xmin>
			<xmax>414</xmax>
			<ymin>2</ymin>
			<ymax>392</ymax>
		</bndbox>
	</object>
</annotation>
