<annotation>
	<folder></folder>
	<filename>KakaoTalk_20210713_014635648_24_jpg.rf.3dec8b34023a5b133bf07fb62459b896.jpg</filename>
	<path>KakaoTalk_20210713_014635648_24_jpg.rf.3dec8b34023a5b133bf07fb62459b896.jpg</path>
	<source>
		<database>roboflow.ai</database>
	</source>
	<size>
		<width>416</width>
		<height>416</height>
		<depth>3</depth>
	</size>
	<segmented>0</segmented>
	<object>
		<name>15</name>
		<pose>Unspecified</pose>
		<truncated>0</truncated>
		<difficult>0</difficult>
		<occluded>0</occluded>
		<bndbox>
			<xmin>1</xmin>
			<xmax>397</xmax>
			<ymin>1</ymin>
			<ymax>355</ymax>
		</bndbox>
	</object>
</annotation>
