<annotation>
	<folder></folder>
	<filename>KakaoTalk_20210713_014635648_22_jpg.rf.6854e1dc398e86e5e6d3173c5289aee5.jpg</filename>
	<path>KakaoTalk_20210713_014635648_22_jpg.rf.6854e1dc398e86e5e6d3173c5289aee5.jpg</path>
	<source>
		<database>roboflow.ai</database>
	</source>
	<size>
		<width>416</width>
		<height>416</height>
		<depth>3</depth>
	</size>
	<segmented>0</segmented>
	<object>
		<name>15</name>
		<pose>Unspecified</pose>
		<truncated>0</truncated>
		<difficult>0</difficult>
		<occluded>0</occluded>
		<bndbox>
			<xmin>1</xmin>
			<xmax>316</xmax>
			<ymin>36</ymin>
			<ymax>376</ymax>
		</bndbox>
	</object>
</annotation>
