<annotation>
	<folder></folder>
	<filename>KakaoTalk_20210713_014635648_07_jpg.rf.fae6be6eba65c5cf8873ecc4c31857be.jpg</filename>
	<path>KakaoTalk_20210713_014635648_07_jpg.rf.fae6be6eba65c5cf8873ecc4c31857be.jpg</path>
	<source>
		<database>roboflow.ai</database>
	</source>
	<size>
		<width>416</width>
		<height>416</height>
		<depth>3</depth>
	</size>
	<segmented>0</segmented>
	<object>
		<name>15</name>
		<pose>Unspecified</pose>
		<truncated>0</truncated>
		<difficult>0</difficult>
		<occluded>0</occluded>
		<bndbox>
			<xmin>2</xmin>
			<xmax>373</xmax>
			<ymin>69</ymin>
			<ymax>380</ymax>
		</bndbox>
	</object>
</annotation>
