<annotation>
	<folder></folder>
	<filename>KakaoTalk_20210713_014635648_16_jpg.rf.a2db1e4e8d92e0e90d7692624f88581c.jpg</filename>
	<path>KakaoTalk_20210713_014635648_16_jpg.rf.a2db1e4e8d92e0e90d7692624f88581c.jpg</path>
	<source>
		<database>roboflow.ai</database>
	</source>
	<size>
		<width>416</width>
		<height>416</height>
		<depth>3</depth>
	</size>
	<segmented>0</segmented>
	<object>
		<name>15</name>
		<pose>Unspecified</pose>
		<truncated>0</truncated>
		<difficult>0</difficult>
		<occluded>0</occluded>
		<bndbox>
			<xmin>2</xmin>
			<xmax>411</xmax>
			<ymin>8</ymin>
			<ymax>376</ymax>
		</bndbox>
	</object>
</annotation>
