<annotation>
	<folder></folder>
	<filename>KakaoTalk_20210713_014635648_06_jpg.rf.665ca546a6ab7cec7f4e0543ab3cb65a.jpg</filename>
	<path>KakaoTalk_20210713_014635648_06_jpg.rf.665ca546a6ab7cec7f4e0543ab3cb65a.jpg</path>
	<source>
		<database>roboflow.ai</database>
	</source>
	<size>
		<width>416</width>
		<height>416</height>
		<depth>3</depth>
	</size>
	<segmented>0</segmented>
	<object>
		<name>15</name>
		<pose>Unspecified</pose>
		<truncated>0</truncated>
		<difficult>0</difficult>
		<occluded>0</occluded>
		<bndbox>
			<xmin>2</xmin>
			<xmax>410</xmax>
			<ymin>55</ymin>
			<ymax>383</ymax>
		</bndbox>
	</object>
</annotation>
