<annotation>
	<folder></folder>
	<filename>KakaoTalk_20210713_014635648_18_jpg.rf.959d470bdac58c0b66229a38462e6eeb.jpg</filename>
	<path>KakaoTalk_20210713_014635648_18_jpg.rf.959d470bdac58c0b66229a38462e6eeb.jpg</path>
	<source>
		<database>roboflow.ai</database>
	</source>
	<size>
		<width>416</width>
		<height>416</height>
		<depth>3</depth>
	</size>
	<segmented>0</segmented>
	<object>
		<name>15</name>
		<pose>Unspecified</pose>
		<truncated>0</truncated>
		<difficult>0</difficult>
		<occluded>0</occluded>
		<bndbox>
			<xmin>2</xmin>
			<xmax>416</xmax>
			<ymin>22</ymin>
			<ymax>402</ymax>
		</bndbox>
	</object>
</annotation>
