<annotation>
	<folder></folder>
	<filename>KakaoTalk_20210713_014635648_11_jpg.rf.9d0e2527325d634f31ba6d4e9bce6eb2.jpg</filename>
	<path>KakaoTalk_20210713_014635648_11_jpg.rf.9d0e2527325d634f31ba6d4e9bce6eb2.jpg</path>
	<source>
		<database>roboflow.ai</database>
	</source>
	<size>
		<width>416</width>
		<height>416</height>
		<depth>3</depth>
	</size>
	<segmented>0</segmented>
	<object>
		<name>15</name>
		<pose>Unspecified</pose>
		<truncated>0</truncated>
		<difficult>0</difficult>
		<occluded>0</occluded>
		<bndbox>
			<xmin>1</xmin>
			<xmax>381</xmax>
			<ymin>1</ymin>
			<ymax>415</ymax>
		</bndbox>
	</object>
</annotation>
