<annotation>
	<folder></folder>
	<filename>KakaoTalk_20210713_014635648_10_jpg.rf.e5e7788f4d67977205d6c4d086230fe6.jpg</filename>
	<path>KakaoTalk_20210713_014635648_10_jpg.rf.e5e7788f4d67977205d6c4d086230fe6.jpg</path>
	<source>
		<database>roboflow.ai</database>
	</source>
	<size>
		<width>416</width>
		<height>416</height>
		<depth>3</depth>
	</size>
	<segmented>0</segmented>
	<object>
		<name>15</name>
		<pose>Unspecified</pose>
		<truncated>0</truncated>
		<difficult>0</difficult>
		<occluded>0</occluded>
		<bndbox>
			<xmin>1</xmin>
			<xmax>379</xmax>
			<ymin>1</ymin>
			<ymax>416</ymax>
		</bndbox>
	</object>
</annotation>
