<annotation>
	<folder></folder>
	<filename>KakaoTalk_20210713_014635648_15_jpg.rf.40a21ac3917c8a8b4909624e73ca1b17.jpg</filename>
	<path>KakaoTalk_20210713_014635648_15_jpg.rf.40a21ac3917c8a8b4909624e73ca1b17.jpg</path>
	<source>
		<database>roboflow.ai</database>
	</source>
	<size>
		<width>416</width>
		<height>416</height>
		<depth>3</depth>
	</size>
	<segmented>0</segmented>
	<object>
		<name>15</name>
		<pose>Unspecified</pose>
		<truncated>0</truncated>
		<difficult>0</difficult>
		<occluded>0</occluded>
		<bndbox>
			<xmin>1</xmin>
			<xmax>417</xmax>
			<ymin>41</ymin>
			<ymax>387</ymax>
		</bndbox>
	</object>
</annotation>
