<annotation>
	<folder></folder>
	<filename>KakaoTalk_20210713_014635648_17_jpg.rf.6c2e6a1a7538f9fb4a64ba540a587a4c.jpg</filename>
	<path>KakaoTalk_20210713_014635648_17_jpg.rf.6c2e6a1a7538f9fb4a64ba540a587a4c.jpg</path>
	<source>
		<database>roboflow.ai</database>
	</source>
	<size>
		<width>416</width>
		<height>416</height>
		<depth>3</depth>
	</size>
	<segmented>0</segmented>
	<object>
		<name>15</name>
		<pose>Unspecified</pose>
		<truncated>0</truncated>
		<difficult>0</difficult>
		<occluded>0</occluded>
		<bndbox>
			<xmin>13</xmin>
			<xmax>416</xmax>
			<ymin>5</ymin>
			<ymax>416</ymax>
		</bndbox>
	</object>
</annotation>
