<annotation>
	<folder></folder>
	<filename>KakaoTalk_20210713_014635648_04_jpg.rf.6b15b0f00ee92c52029d95dc7a9bd518.jpg</filename>
	<path>KakaoTalk_20210713_014635648_04_jpg.rf.6b15b0f00ee92c52029d95dc7a9bd518.jpg</path>
	<source>
		<database>roboflow.ai</database>
	</source>
	<size>
		<width>416</width>
		<height>416</height>
		<depth>3</depth>
	</size>
	<segmented>0</segmented>
	<object>
		<name>15</name>
		<pose>Unspecified</pose>
		<truncated>0</truncated>
		<difficult>0</difficult>
		<occluded>0</occluded>
		<bndbox>
			<xmin>1</xmin>
			<xmax>411</xmax>
			<ymin>35</ymin>
			<ymax>367</ymax>
		</bndbox>
	</object>
</annotation>
