<annotation>
	<folder></folder>
	<filename>KakaoTalk_20210713_014635648_21_jpg.rf.36911e87f8b5fa360188365e790fedaa.jpg</filename>
	<path>KakaoTalk_20210713_014635648_21_jpg.rf.36911e87f8b5fa360188365e790fedaa.jpg</path>
	<source>
		<database>roboflow.ai</database>
	</source>
	<size>
		<width>416</width>
		<height>416</height>
		<depth>3</depth>
	</size>
	<segmented>0</segmented>
	<object>
		<name>15</name>
		<pose>Unspecified</pose>
		<truncated>0</truncated>
		<difficult>0</difficult>
		<occluded>0</occluded>
		<bndbox>
			<xmin>1</xmin>
			<xmax>417</xmax>
			<ymin>16</ymin>
			<ymax>382</ymax>
		</bndbox>
	</object>
</annotation>
