<annotation>
	<folder></folder>
	<filename>KakaoTalk_20210713_014635648_02_jpg.rf.16cab970230509c9662ca6ed489b941c.jpg</filename>
	<path>KakaoTalk_20210713_014635648_02_jpg.rf.16cab970230509c9662ca6ed489b941c.jpg</path>
	<source>
		<database>roboflow.ai</database>
	</source>
	<size>
		<width>416</width>
		<height>416</height>
		<depth>3</depth>
	</size>
	<segmented>0</segmented>
	<object>
		<name>15</name>
		<pose>Unspecified</pose>
		<truncated>0</truncated>
		<difficult>0</difficult>
		<occluded>0</occluded>
		<bndbox>
			<xmin>17</xmin>
			<xmax>401</xmax>
			<ymin>50</ymin>
			<ymax>349</ymax>
		</bndbox>
	</object>
</annotation>
