<annotation>
	<folder></folder>
	<filename>KakaoTalk_20210713_014635648_01_jpg.rf.46a8f007d4210504162bfaf925cf83e2.jpg</filename>
	<path>KakaoTalk_20210713_014635648_01_jpg.rf.46a8f007d4210504162bfaf925cf83e2.jpg</path>
	<source>
		<database>roboflow.ai</database>
	</source>
	<size>
		<width>416</width>
		<height>416</height>
		<depth>3</depth>
	</size>
	<segmented>0</segmented>
	<object>
		<name>15</name>
		<pose>Unspecified</pose>
		<truncated>0</truncated>
		<difficult>0</difficult>
		<occluded>0</occluded>
		<bndbox>
			<xmin>1</xmin>
			<xmax>380</xmax>
			<ymin>62</ymin>
			<ymax>370</ymax>
		</bndbox>
	</object>
</annotation>
