<annotation>
	<folder></folder>
	<filename>KakaoTalk_20210713_014635648_09_jpg.rf.9821f2aafdc5986016e5e845c119c418.jpg</filename>
	<path>KakaoTalk_20210713_014635648_09_jpg.rf.9821f2aafdc5986016e5e845c119c418.jpg</path>
	<source>
		<database>roboflow.ai</database>
	</source>
	<size>
		<width>416</width>
		<height>416</height>
		<depth>3</depth>
	</size>
	<segmented>0</segmented>
	<object>
		<name>15</name>
		<pose>Unspecified</pose>
		<truncated>0</truncated>
		<difficult>0</difficult>
		<occluded>0</occluded>
		<bndbox>
			<xmin>35</xmin>
			<xmax>414</xmax>
			<ymin>6</ymin>
			<ymax>401</ymax>
		</bndbox>
	</object>
</annotation>
