<annotation>
	<folder></folder>
	<filename>KakaoTalk_20210713_014635648_13_jpg.rf.2c1648580b456ac9e8e8ac68a8eac00c.jpg</filename>
	<path>KakaoTalk_20210713_014635648_13_jpg.rf.2c1648580b456ac9e8e8ac68a8eac00c.jpg</path>
	<source>
		<database>roboflow.ai</database>
	</source>
	<size>
		<width>416</width>
		<height>416</height>
		<depth>3</depth>
	</size>
	<segmented>0</segmented>
	<object>
		<name>15</name>
		<pose>Unspecified</pose>
		<truncated>0</truncated>
		<difficult>0</difficult>
		<occluded>0</occluded>
		<bndbox>
			<xmin>2</xmin>
			<xmax>410</xmax>
			<ymin>4</ymin>
			<ymax>416</ymax>
		</bndbox>
	</object>
</annotation>
