<annotation>
	<folder></folder>
	<filename>KakaoTalk_20210712_211229154_06_jpg.rf.14561a60547ebc28a792b4bf41a815ef.jpg</filename>
	<path>KakaoTalk_20210712_211229154_06_jpg.rf.14561a60547ebc28a792b4bf41a815ef.jpg</path>
	<source>
		<database>roboflow.ai</database>
	</source>
	<size>
		<width>416</width>
		<height>416</height>
		<depth>3</depth>
	</size>
	<segmented>0</segmented>
	<object>
		<name>16</name>
		<pose>Unspecified</pose>
		<truncated>0</truncated>
		<difficult>0</difficult>
		<occluded>0</occluded>
		<bndbox>
			<xmin>1</xmin>
			<xmax>416</xmax>
			<ymin>9</ymin>
			<ymax>359</ymax>
		</bndbox>
	</object>
</annotation>
