<annotation>
	<folder></folder>
	<filename>KakaoTalk_20210712_211229154_12_jpg.rf.ea724dbbe4d8fd692890a09037254960.jpg</filename>
	<path>KakaoTalk_20210712_211229154_12_jpg.rf.ea724dbbe4d8fd692890a09037254960.jpg</path>
	<source>
		<database>roboflow.ai</database>
	</source>
	<size>
		<width>416</width>
		<height>416</height>
		<depth>3</depth>
	</size>
	<segmented>0</segmented>
	<object>
		<name>16</name>
		<pose>Unspecified</pose>
		<truncated>0</truncated>
		<difficult>0</difficult>
		<occluded>0</occluded>
		<bndbox>
			<xmin>9</xmin>
			<xmax>413</xmax>
			<ymin>1</ymin>
			<ymax>410</ymax>
		</bndbox>
	</object>
</annotation>
