<annotation>
	<folder></folder>
	<filename>KakaoTalk_20210712_211229154_13_jpg.rf.e3f22e9a2707de9aa3e5753a17ecab44.jpg</filename>
	<path>KakaoTalk_20210712_211229154_13_jpg.rf.e3f22e9a2707de9aa3e5753a17ecab44.jpg</path>
	<source>
		<database>roboflow.ai</database>
	</source>
	<size>
		<width>416</width>
		<height>416</height>
		<depth>3</depth>
	</size>
	<segmented>0</segmented>
	<object>
		<name>16</name>
		<pose>Unspecified</pose>
		<truncated>0</truncated>
		<difficult>0</difficult>
		<occluded>0</occluded>
		<bndbox>
			<xmin>2</xmin>
			<xmax>416</xmax>
			<ymin>4</ymin>
			<ymax>414</ymax>
		</bndbox>
	</object>
</annotation>
