<annotation>
	<folder></folder>
	<filename>KakaoTalk_20210712_211229154_15_jpg.rf.6a9c60e4d63a2604ba3eb3d313ed214c.jpg</filename>
	<path>KakaoTalk_20210712_211229154_15_jpg.rf.6a9c60e4d63a2604ba3eb3d313ed214c.jpg</path>
	<source>
		<database>roboflow.ai</database>
	</source>
	<size>
		<width>416</width>
		<height>416</height>
		<depth>3</depth>
	</size>
	<segmented>0</segmented>
	<object>
		<name>16</name>
		<pose>Unspecified</pose>
		<truncated>0</truncated>
		<difficult>0</difficult>
		<occluded>0</occluded>
		<bndbox>
			<xmin>1</xmin>
			<xmax>416</xmax>
			<ymin>9</ymin>
			<ymax>387</ymax>
		</bndbox>
	</object>
</annotation>
