<annotation>
	<folder></folder>
	<filename>KakaoTalk_20210712_211229154_04_jpg.rf.1b282d58d206b09a75d29c4a3781a5ae.jpg</filename>
	<path>KakaoTalk_20210712_211229154_04_jpg.rf.1b282d58d206b09a75d29c4a3781a5ae.jpg</path>
	<source>
		<database>roboflow.ai</database>
	</source>
	<size>
		<width>416</width>
		<height>416</height>
		<depth>3</depth>
	</size>
	<segmented>0</segmented>
	<object>
		<name>16</name>
		<pose>Unspecified</pose>
		<truncated>0</truncated>
		<difficult>0</difficult>
		<occluded>0</occluded>
		<bndbox>
			<xmin>3</xmin>
			<xmax>417</xmax>
			<ymin>44</ymin>
			<ymax>358</ymax>
		</bndbox>
	</object>
</annotation>
