<annotation>
	<folder></folder>
	<filename>KakaoTalk_20210712_211229154_01_jpg.rf.04296faa7e51abc3696037af3ce8ffbe.jpg</filename>
	<path>KakaoTalk_20210712_211229154_01_jpg.rf.04296faa7e51abc3696037af3ce8ffbe.jpg</path>
	<source>
		<database>roboflow.ai</database>
	</source>
	<size>
		<width>416</width>
		<height>416</height>
		<depth>3</depth>
	</size>
	<segmented>0</segmented>
	<object>
		<name>16</name>
		<pose>Unspecified</pose>
		<truncated>0</truncated>
		<difficult>0</difficult>
		<occluded>0</occluded>
		<bndbox>
			<xmin>89</xmin>
			<xmax>323</xmax>
			<ymin>101</ymin>
			<ymax>278</ymax>
		</bndbox>
	</object>
</annotation>
