<annotation>
	<folder></folder>
	<filename>KakaoTalk_20210712_211229154_02_jpg.rf.c0b570fcb0d65e20eac79737882ddef8.jpg</filename>
	<path>KakaoTalk_20210712_211229154_02_jpg.rf.c0b570fcb0d65e20eac79737882ddef8.jpg</path>
	<source>
		<database>roboflow.ai</database>
	</source>
	<size>
		<width>416</width>
		<height>416</height>
		<depth>3</depth>
	</size>
	<segmented>0</segmented>
	<object>
		<name>16</name>
		<pose>Unspecified</pose>
		<truncated>0</truncated>
		<difficult>0</difficult>
		<occluded>0</occluded>
		<bndbox>
			<xmin>102</xmin>
			<xmax>354</xmax>
			<ymin>155</ymin>
			<ymax>347</ymax>
		</bndbox>
	</object>
</annotation>
