<annotation>
	<folder></folder>
	<filename>KakaoTalk_20210712_211229154_jpg.rf.d393c4e258c26cb2649b0617340d4cfe.jpg</filename>
	<path>KakaoTalk_20210712_211229154_jpg.rf.d393c4e258c26cb2649b0617340d4cfe.jpg</path>
	<source>
		<database>roboflow.ai</database>
	</source>
	<size>
		<width>416</width>
		<height>416</height>
		<depth>3</depth>
	</size>
	<segmented>0</segmented>
	<object>
		<name>16</name>
		<pose>Unspecified</pose>
		<truncated>0</truncated>
		<difficult>0</difficult>
		<occluded>0</occluded>
		<bndbox>
			<xmin>104</xmin>
			<xmax>325</xmax>
			<ymin>129</ymin>
			<ymax>292</ymax>
		</bndbox>
	</object>
</annotation>
