<annotation>
	<folder></folder>
	<filename>KakaoTalk_20210712_211229154_07_jpg.rf.8e20d5a2e024b85c8d8e82b6b01339a7.jpg</filename>
	<path>KakaoTalk_20210712_211229154_07_jpg.rf.8e20d5a2e024b85c8d8e82b6b01339a7.jpg</path>
	<source>
		<database>roboflow.ai</database>
	</source>
	<size>
		<width>416</width>
		<height>416</height>
		<depth>3</depth>
	</size>
	<segmented>0</segmented>
	<object>
		<name>16</name>
		<pose>Unspecified</pose>
		<truncated>0</truncated>
		<difficult>0</difficult>
		<occluded>0</occluded>
		<bndbox>
			<xmin>51</xmin>
			<xmax>409</xmax>
			<ymin>28</ymin>
			<ymax>324</ymax>
		</bndbox>
	</object>
</annotation>
