<annotation>
	<folder></folder>
	<filename>KakaoTalk_20210712_211229154_11_jpg.rf.66cc15d1f48dcc784cb46de7d428b2eb.jpg</filename>
	<path>KakaoTalk_20210712_211229154_11_jpg.rf.66cc15d1f48dcc784cb46de7d428b2eb.jpg</path>
	<source>
		<database>roboflow.ai</database>
	</source>
	<size>
		<width>416</width>
		<height>416</height>
		<depth>3</depth>
	</size>
	<segmented>0</segmented>
	<object>
		<name>16</name>
		<pose>Unspecified</pose>
		<truncated>0</truncated>
		<difficult>0</difficult>
		<occluded>0</occluded>
		<bndbox>
			<xmin>71</xmin>
			<xmax>416</xmax>
			<ymin>4</ymin>
			<ymax>413</ymax>
		</bndbox>
	</object>
</annotation>
