<annotation>
	<folder></folder>
	<filename>KakaoTalk_20210712_211229154_14_jpg.rf.20d0fecbad5776caa261a7d9bfa9ff67.jpg</filename>
	<path>KakaoTalk_20210712_211229154_14_jpg.rf.20d0fecbad5776caa261a7d9bfa9ff67.jpg</path>
	<source>
		<database>roboflow.ai</database>
	</source>
	<size>
		<width>416</width>
		<height>416</height>
		<depth>3</depth>
	</size>
	<segmented>0</segmented>
	<object>
		<name>16</name>
		<pose>Unspecified</pose>
		<truncated>0</truncated>
		<difficult>0</difficult>
		<occluded>0</occluded>
		<bndbox>
			<xmin>28</xmin>
			<xmax>415</xmax>
			<ymin>65</ymin>
			<ymax>310</ymax>
		</bndbox>
	</object>
</annotation>
