<annotation>
	<folder></folder>
	<filename>KakaoTalk_20210712_211229154_03_jpg.rf.efb7f5a324cd89528551963569121973.jpg</filename>
	<path>KakaoTalk_20210712_211229154_03_jpg.rf.efb7f5a324cd89528551963569121973.jpg</path>
	<source>
		<database>roboflow.ai</database>
	</source>
	<size>
		<width>416</width>
		<height>416</height>
		<depth>3</depth>
	</size>
	<segmented>0</segmented>
	<object>
		<name>16</name>
		<pose>Unspecified</pose>
		<truncated>0</truncated>
		<difficult>0</difficult>
		<occluded>0</occluded>
		<bndbox>
			<xmin>20</xmin>
			<xmax>389</xmax>
			<ymin>103</ymin>
			<ymax>362</ymax>
		</bndbox>
	</object>
</annotation>
