<annotation>
	<folder></folder>
	<filename>KakaoTalk_20210712_211229154_09_jpg.rf.1ec1e95811346d7244bbbcb1c64b26dd.jpg</filename>
	<path>KakaoTalk_20210712_211229154_09_jpg.rf.1ec1e95811346d7244bbbcb1c64b26dd.jpg</path>
	<source>
		<database>roboflow.ai</database>
	</source>
	<size>
		<width>416</width>
		<height>416</height>
		<depth>3</depth>
	</size>
	<segmented>0</segmented>
	<object>
		<name>16</name>
		<pose>Unspecified</pose>
		<truncated>0</truncated>
		<difficult>0</difficult>
		<occluded>0</occluded>
		<bndbox>
			<xmin>5</xmin>
			<xmax>411</xmax>
			<ymin>4</ymin>
			<ymax>413</ymax>
		</bndbox>
	</object>
</annotation>
