<annotation>
	<folder></folder>
	<filename>KakaoTalk_20210712_211229154_08_jpg.rf.cf3764901433ed79fc80d150a6f58d31.jpg</filename>
	<path>KakaoTalk_20210712_211229154_08_jpg.rf.cf3764901433ed79fc80d150a6f58d31.jpg</path>
	<source>
		<database>roboflow.ai</database>
	</source>
	<size>
		<width>416</width>
		<height>416</height>
		<depth>3</depth>
	</size>
	<segmented>0</segmented>
	<object>
		<name>16</name>
		<pose>Unspecified</pose>
		<truncated>0</truncated>
		<difficult>0</difficult>
		<occluded>0</occluded>
		<bndbox>
			<xmin>44</xmin>
			<xmax>411</xmax>
			<ymin>68</ymin>
			<ymax>376</ymax>
		</bndbox>
	</object>
</annotation>
