<annotation>
	<folder></folder>
	<filename>KakaoTalk_20210712_211046636_02_jpg.rf.b71875ea8417e2280a58df70926bba76.jpg</filename>
	<path>KakaoTalk_20210712_211046636_02_jpg.rf.b71875ea8417e2280a58df70926bba76.jpg</path>
	<source>
		<database>roboflow.ai</database>
	</source>
	<size>
		<width>416</width>
		<height>416</height>
		<depth>3</depth>
	</size>
	<segmented>0</segmented>
	<object>
		<name>8</name>
		<pose>Unspecified</pose>
		<truncated>0</truncated>
		<difficult>0</difficult>
		<occluded>0</occluded>
		<bndbox>
			<xmin>13</xmin>
			<xmax>417</xmax>
			<ymin>9</ymin>
			<ymax>390</ymax>
		</bndbox>
	</object>
</annotation>
