<annotation>
	<folder></folder>
	<filename>KakaoTalk_20210712_211046636_10_jpg.rf.8fb440ded1c91e5d8480a7775eab07e0.jpg</filename>
	<path>KakaoTalk_20210712_211046636_10_jpg.rf.8fb440ded1c91e5d8480a7775eab07e0.jpg</path>
	<source>
		<database>roboflow.ai</database>
	</source>
	<size>
		<width>416</width>
		<height>416</height>
		<depth>3</depth>
	</size>
	<segmented>0</segmented>
	<object>
		<name>8</name>
		<pose>Unspecified</pose>
		<truncated>0</truncated>
		<difficult>0</difficult>
		<occluded>0</occluded>
		<bndbox>
			<xmin>12</xmin>
			<xmax>412</xmax>
			<ymin>1</ymin>
			<ymax>405</ymax>
		</bndbox>
	</object>
</annotation>
