<annotation>
	<folder></folder>
	<filename>KakaoTalk_20210712_211046636_08_jpg.rf.2f20c684cbdcafe0af51fbfd3a147798.jpg</filename>
	<path>KakaoTalk_20210712_211046636_08_jpg.rf.2f20c684cbdcafe0af51fbfd3a147798.jpg</path>
	<source>
		<database>roboflow.ai</database>
	</source>
	<size>
		<width>416</width>
		<height>416</height>
		<depth>3</depth>
	</size>
	<segmented>0</segmented>
	<object>
		<name>8</name>
		<pose>Unspecified</pose>
		<truncated>0</truncated>
		<difficult>0</difficult>
		<occluded>0</occluded>
		<bndbox>
			<xmin>3</xmin>
			<xmax>412</xmax>
			<ymin>30</ymin>
			<ymax>288</ymax>
		</bndbox>
	</object>
</annotation>
