<annotation>
	<folder></folder>
	<filename>KakaoTalk_20210712_211046636_05_jpg.rf.90210dfe02b107d79b06d850b90fa91d.jpg</filename>
	<path>KakaoTalk_20210712_211046636_05_jpg.rf.90210dfe02b107d79b06d850b90fa91d.jpg</path>
	<source>
		<database>roboflow.ai</database>
	</source>
	<size>
		<width>416</width>
		<height>416</height>
		<depth>3</depth>
	</size>
	<segmented>0</segmented>
	<object>
		<name>8</name>
		<pose>Unspecified</pose>
		<truncated>0</truncated>
		<difficult>0</difficult>
		<occluded>0</occluded>
		<bndbox>
			<xmin>21</xmin>
			<xmax>367</xmax>
			<ymin>1</ymin>
			<ymax>284</ymax>
		</bndbox>
	</object>
</annotation>
