<annotation>
	<folder></folder>
	<filename>KakaoTalk_20210712_211046636_jpg.rf.369fe05eb56eb62a872efad2c57b5ac0.jpg</filename>
	<path>KakaoTalk_20210712_211046636_jpg.rf.369fe05eb56eb62a872efad2c57b5ac0.jpg</path>
	<source>
		<database>roboflow.ai</database>
	</source>
	<size>
		<width>416</width>
		<height>416</height>
		<depth>3</depth>
	</size>
	<segmented>0</segmented>
	<object>
		<name>8</name>
		<pose>Unspecified</pose>
		<truncated>0</truncated>
		<difficult>0</difficult>
		<occluded>0</occluded>
		<bndbox>
			<xmin>2</xmin>
			<xmax>415</xmax>
			<ymin>3</ymin>
			<ymax>383</ymax>
		</bndbox>
	</object>
</annotation>
