<annotation>
	<folder></folder>
	<filename>KakaoTalk_20210712_211046636_13_jpg.rf.bf550b3bc43d615279bf3f6a92128a40.jpg</filename>
	<path>KakaoTalk_20210712_211046636_13_jpg.rf.bf550b3bc43d615279bf3f6a92128a40.jpg</path>
	<source>
		<database>roboflow.ai</database>
	</source>
	<size>
		<width>416</width>
		<height>416</height>
		<depth>3</depth>
	</size>
	<segmented>0</segmented>
	<object>
		<name>8</name>
		<pose>Unspecified</pose>
		<truncated>0</truncated>
		<difficult>0</difficult>
		<occluded>0</occluded>
		<bndbox>
			<xmin>1</xmin>
			<xmax>417</xmax>
			<ymin>3</ymin>
			<ymax>408</ymax>
		</bndbox>
	</object>
</annotation>
