<annotation>
	<folder></folder>
	<filename>KakaoTalk_20210712_211046636_09_jpg.rf.c4c1c2e3af0141323d116c1c987110bf.jpg</filename>
	<path>KakaoTalk_20210712_211046636_09_jpg.rf.c4c1c2e3af0141323d116c1c987110bf.jpg</path>
	<source>
		<database>roboflow.ai</database>
	</source>
	<size>
		<width>416</width>
		<height>416</height>
		<depth>3</depth>
	</size>
	<segmented>0</segmented>
	<object>
		<name>8</name>
		<pose>Unspecified</pose>
		<truncated>0</truncated>
		<difficult>0</difficult>
		<occluded>0</occluded>
		<bndbox>
			<xmin>8</xmin>
			<xmax>393</xmax>
			<ymin>7</ymin>
			<ymax>309</ymax>
		</bndbox>
	</object>
</annotation>
