<annotation>
	<folder></folder>
	<filename>KakaoTalk_20210712_211046636_03_jpg.rf.2e4bbba4513ebb747b9af908dd90abed.jpg</filename>
	<path>KakaoTalk_20210712_211046636_03_jpg.rf.2e4bbba4513ebb747b9af908dd90abed.jpg</path>
	<source>
		<database>roboflow.ai</database>
	</source>
	<size>
		<width>416</width>
		<height>416</height>
		<depth>3</depth>
	</size>
	<segmented>0</segmented>
	<object>
		<name>8</name>
		<pose>Unspecified</pose>
		<truncated>0</truncated>
		<difficult>0</difficult>
		<occluded>0</occluded>
		<bndbox>
			<xmin>60</xmin>
			<xmax>417</xmax>
			<ymin>1</ymin>
			<ymax>351</ymax>
		</bndbox>
	</object>
</annotation>
