<annotation>
	<folder></folder>
	<filename>KakaoTalk_20210712_211046636_14_jpg.rf.053fa208bff49e8e3efa855e4f0b1e69.jpg</filename>
	<path>KakaoTalk_20210712_211046636_14_jpg.rf.053fa208bff49e8e3efa855e4f0b1e69.jpg</path>
	<source>
		<database>roboflow.ai</database>
	</source>
	<size>
		<width>416</width>
		<height>416</height>
		<depth>3</depth>
	</size>
	<segmented>0</segmented>
	<object>
		<name>8</name>
		<pose>Unspecified</pose>
		<truncated>0</truncated>
		<difficult>0</difficult>
		<occluded>0</occluded>
		<bndbox>
			<xmin>3</xmin>
			<xmax>395</xmax>
			<ymin>1</ymin>
			<ymax>375</ymax>
		</bndbox>
	</object>
</annotation>
