<annotation>
	<folder></folder>
	<filename>KakaoTalk_20210712_211046636_07_jpg.rf.0a937b88a3ad4c7f725912e85bc2b19c.jpg</filename>
	<path>KakaoTalk_20210712_211046636_07_jpg.rf.0a937b88a3ad4c7f725912e85bc2b19c.jpg</path>
	<source>
		<database>roboflow.ai</database>
	</source>
	<size>
		<width>416</width>
		<height>416</height>
		<depth>3</depth>
	</size>
	<segmented>0</segmented>
	<object>
		<name>8</name>
		<pose>Unspecified</pose>
		<truncated>0</truncated>
		<difficult>0</difficult>
		<occluded>0</occluded>
		<bndbox>
			<xmin>8</xmin>
			<xmax>417</xmax>
			<ymin>28</ymin>
			<ymax>328</ymax>
		</bndbox>
	</object>
</annotation>
