<annotation>
	<folder></folder>
	<filename>KakaoTalk_20210712_211046636_06_jpg.rf.41068faa98284ec695ebc8cf74f07ac2.jpg</filename>
	<path>KakaoTalk_20210712_211046636_06_jpg.rf.41068faa98284ec695ebc8cf74f07ac2.jpg</path>
	<source>
		<database>roboflow.ai</database>
	</source>
	<size>
		<width>416</width>
		<height>416</height>
		<depth>3</depth>
	</size>
	<segmented>0</segmented>
	<object>
		<name>8</name>
		<pose>Unspecified</pose>
		<truncated>0</truncated>
		<difficult>0</difficult>
		<occluded>0</occluded>
		<bndbox>
			<xmin>64</xmin>
			<xmax>416</xmax>
			<ymin>3</ymin>
			<ymax>362</ymax>
		</bndbox>
	</object>
</annotation>
