<annotation>
	<folder></folder>
	<filename>KakaoTalk_20210713_015140111_01_jpg.rf.b051a8871dc6f49954724fe45ce6540b.jpg</filename>
	<path>KakaoTalk_20210713_015140111_01_jpg.rf.b051a8871dc6f49954724fe45ce6540b.jpg</path>
	<source>
		<database>roboflow.ai</database>
	</source>
	<size>
		<width>416</width>
		<height>416</height>
		<depth>3</depth>
	</size>
	<segmented>0</segmented>
	<object>
		<name>11</name>
		<pose>Unspecified</pose>
		<truncated>0</truncated>
		<difficult>0</difficult>
		<occluded>0</occluded>
		<bndbox>
			<xmin>2</xmin>
			<xmax>417</xmax>
			<ymin>3</ymin>
			<ymax>407</ymax>
		</bndbox>
	</object>
</annotation>
