<annotation>
	<folder></folder>
	<filename>KakaoTalk_20210713_015140111_05_jpg.rf.768209869a683531c79d44e6f3f26807.jpg</filename>
	<path>KakaoTalk_20210713_015140111_05_jpg.rf.768209869a683531c79d44e6f3f26807.jpg</path>
	<source>
		<database>roboflow.ai</database>
	</source>
	<size>
		<width>416</width>
		<height>416</height>
		<depth>3</depth>
	</size>
	<segmented>0</segmented>
	<object>
		<name>11</name>
		<pose>Unspecified</pose>
		<truncated>0</truncated>
		<difficult>0</difficult>
		<occluded>0</occluded>
		<bndbox>
			<xmin>2</xmin>
			<xmax>344</xmax>
			<ymin>1</ymin>
			<ymax>314</ymax>
		</bndbox>
	</object>
</annotation>
