<annotation>
	<folder></folder>
	<filename>KakaoTalk_20210713_015140111_10_jpg.rf.b515c40c1c4ea038b3ecd7d17509dfe8.jpg</filename>
	<path>KakaoTalk_20210713_015140111_10_jpg.rf.b515c40c1c4ea038b3ecd7d17509dfe8.jpg</path>
	<source>
		<database>roboflow.ai</database>
	</source>
	<size>
		<width>416</width>
		<height>416</height>
		<depth>3</depth>
	</size>
	<segmented>0</segmented>
	<object>
		<name>11</name>
		<pose>Unspecified</pose>
		<truncated>0</truncated>
		<difficult>0</difficult>
		<occluded>0</occluded>
		<bndbox>
			<xmin>29</xmin>
			<xmax>355</xmax>
			<ymin>24</ymin>
			<ymax>391</ymax>
		</bndbox>
	</object>
</annotation>
