<annotation>
	<folder></folder>
	<filename>KakaoTalk_20210713_015140111_04_jpg.rf.55cc50a04f58310070386887682da89d.jpg</filename>
	<path>KakaoTalk_20210713_015140111_04_jpg.rf.55cc50a04f58310070386887682da89d.jpg</path>
	<source>
		<database>roboflow.ai</database>
	</source>
	<size>
		<width>416</width>
		<height>416</height>
		<depth>3</depth>
	</size>
	<segmented>0</segmented>
	<object>
		<name>11</name>
		<pose>Unspecified</pose>
		<truncated>0</truncated>
		<difficult>0</difficult>
		<occluded>0</occluded>
		<bndbox>
			<xmin>1</xmin>
			<xmax>416</xmax>
			<ymin>5</ymin>
			<ymax>340</ymax>
		</bndbox>
	</object>
</annotation>
