<annotation>
	<folder></folder>
	<filename>KakaoTalk_20210713_015140111_17_jpg.rf.c597fdce9a256e386f350b069c496216.jpg</filename>
	<path>KakaoTalk_20210713_015140111_17_jpg.rf.c597fdce9a256e386f350b069c496216.jpg</path>
	<source>
		<database>roboflow.ai</database>
	</source>
	<size>
		<width>416</width>
		<height>416</height>
		<depth>3</depth>
	</size>
	<segmented>0</segmented>
	<object>
		<name>11</name>
		<pose>Unspecified</pose>
		<truncated>0</truncated>
		<difficult>0</difficult>
		<occluded>0</occluded>
		<bndbox>
			<xmin>3</xmin>
			<xmax>328</xmax>
			<ymin>1</ymin>
			<ymax>347</ymax>
		</bndbox>
	</object>
</annotation>
