<annotation>
	<folder></folder>
	<filename>KakaoTalk_20210713_015140111_06_jpg.rf.f364c503b13bfca0e9794bf6965f2992.jpg</filename>
	<path>KakaoTalk_20210713_015140111_06_jpg.rf.f364c503b13bfca0e9794bf6965f2992.jpg</path>
	<source>
		<database>roboflow.ai</database>
	</source>
	<size>
		<width>416</width>
		<height>416</height>
		<depth>3</depth>
	</size>
	<segmented>0</segmented>
	<object>
		<name>11</name>
		<pose>Unspecified</pose>
		<truncated>0</truncated>
		<difficult>0</difficult>
		<occluded>0</occluded>
		<bndbox>
			<xmin>2</xmin>
			<xmax>387</xmax>
			<ymin>2</ymin>
			<ymax>417</ymax>
		</bndbox>
	</object>
</annotation>
