<annotation>
	<folder></folder>
	<filename>KakaoTalk_20210713_015140111_20_jpg.rf.203cab6c5acc415afdb42a0e6b74a13e.jpg</filename>
	<path>KakaoTalk_20210713_015140111_20_jpg.rf.203cab6c5acc415afdb42a0e6b74a13e.jpg</path>
	<source>
		<database>roboflow.ai</database>
	</source>
	<size>
		<width>416</width>
		<height>416</height>
		<depth>3</depth>
	</size>
	<segmented>0</segmented>
	<object>
		<name>11</name>
		<pose>Unspecified</pose>
		<truncated>0</truncated>
		<difficult>0</difficult>
		<occluded>0</occluded>
		<bndbox>
			<xmin>1</xmin>
			<xmax>296</xmax>
			<ymin>96</ymin>
			<ymax>271</ymax>
		</bndbox>
	</object>
</annotation>
