<annotation>
	<folder></folder>
	<filename>KakaoTalk_20210713_015140111_18_jpg.rf.58697017c424d4d767054760e219726b.jpg</filename>
	<path>KakaoTalk_20210713_015140111_18_jpg.rf.58697017c424d4d767054760e219726b.jpg</path>
	<source>
		<database>roboflow.ai</database>
	</source>
	<size>
		<width>416</width>
		<height>416</height>
		<depth>3</depth>
	</size>
	<segmented>0</segmented>
	<object>
		<name>11</name>
		<pose>Unspecified</pose>
		<truncated>0</truncated>
		<difficult>0</difficult>
		<occluded>0</occluded>
		<bndbox>
			<xmin>1</xmin>
			<xmax>390</xmax>
			<ymin>30</ymin>
			<ymax>318</ymax>
		</bndbox>
	</object>
</annotation>
