<annotation>
	<folder></folder>
	<filename>KakaoTalk_20210713_015140111_07_jpg.rf.283aa9614ca7580b24dd74493fa34ce4.jpg</filename>
	<path>KakaoTalk_20210713_015140111_07_jpg.rf.283aa9614ca7580b24dd74493fa34ce4.jpg</path>
	<source>
		<database>roboflow.ai</database>
	</source>
	<size>
		<width>416</width>
		<height>416</height>
		<depth>3</depth>
	</size>
	<segmented>0</segmented>
	<object>
		<name>11</name>
		<pose>Unspecified</pose>
		<truncated>0</truncated>
		<difficult>0</difficult>
		<occluded>0</occluded>
		<bndbox>
			<xmin>8</xmin>
			<xmax>412</xmax>
			<ymin>5</ymin>
			<ymax>417</ymax>
		</bndbox>
	</object>
</annotation>
