<annotation>
	<folder></folder>
	<filename>KakaoTalk_20210713_015140111_08_jpg.rf.b509d5cb0db5b1c44af7c54164d77ede.jpg</filename>
	<path>KakaoTalk_20210713_015140111_08_jpg.rf.b509d5cb0db5b1c44af7c54164d77ede.jpg</path>
	<source>
		<database>roboflow.ai</database>
	</source>
	<size>
		<width>416</width>
		<height>416</height>
		<depth>3</depth>
	</size>
	<segmented>0</segmented>
	<object>
		<name>11</name>
		<pose>Unspecified</pose>
		<truncated>0</truncated>
		<difficult>0</difficult>
		<occluded>0</occluded>
		<bndbox>
			<xmin>14</xmin>
			<xmax>414</xmax>
			<ymin>11</ymin>
			<ymax>387</ymax>
		</bndbox>
	</object>
</annotation>
