<annotation>
	<folder></folder>
	<filename>KakaoTalk_20210713_015140111_15_jpg.rf.9d5267957eae08e044da5d763a9ea2ea.jpg</filename>
	<path>KakaoTalk_20210713_015140111_15_jpg.rf.9d5267957eae08e044da5d763a9ea2ea.jpg</path>
	<source>
		<database>roboflow.ai</database>
	</source>
	<size>
		<width>416</width>
		<height>416</height>
		<depth>3</depth>
	</size>
	<segmented>0</segmented>
	<object>
		<name>11</name>
		<pose>Unspecified</pose>
		<truncated>0</truncated>
		<difficult>0</difficult>
		<occluded>0</occluded>
		<bndbox>
			<xmin>3</xmin>
			<xmax>279</xmax>
			<ymin>2</ymin>
			<ymax>367</ymax>
		</bndbox>
	</object>
</annotation>
