<annotation>
	<folder></folder>
	<filename>KakaoTalk_20210713_015140111_11_jpg.rf.8b45602df9e5d7d8f12bcf14c36ee276.jpg</filename>
	<path>KakaoTalk_20210713_015140111_11_jpg.rf.8b45602df9e5d7d8f12bcf14c36ee276.jpg</path>
	<source>
		<database>roboflow.ai</database>
	</source>
	<size>
		<width>416</width>
		<height>416</height>
		<depth>3</depth>
	</size>
	<segmented>0</segmented>
	<object>
		<name>11</name>
		<pose>Unspecified</pose>
		<truncated>0</truncated>
		<difficult>0</difficult>
		<occluded>0</occluded>
		<bndbox>
			<xmin>5</xmin>
			<xmax>348</xmax>
			<ymin>1</ymin>
			<ymax>416</ymax>
		</bndbox>
	</object>
</annotation>
