<annotation>
	<folder></folder>
	<filename>KakaoTalk_20210713_015140111_14_jpg.rf.5ba417874ce187a89cb0ca878df50438.jpg</filename>
	<path>KakaoTalk_20210713_015140111_14_jpg.rf.5ba417874ce187a89cb0ca878df50438.jpg</path>
	<source>
		<database>roboflow.ai</database>
	</source>
	<size>
		<width>416</width>
		<height>416</height>
		<depth>3</depth>
	</size>
	<segmented>0</segmented>
	<object>
		<name>11</name>
		<pose>Unspecified</pose>
		<truncated>0</truncated>
		<difficult>0</difficult>
		<occluded>0</occluded>
		<bndbox>
			<xmin>7</xmin>
			<xmax>272</xmax>
			<ymin>1</ymin>
			<ymax>354</ymax>
		</bndbox>
	</object>
</annotation>
