<annotation>
	<folder></folder>
	<filename>KakaoTalk_20210713_015140111_jpg.rf.b156402f82f2755b45d93a3c9a14fe9c.jpg</filename>
	<path>KakaoTalk_20210713_015140111_jpg.rf.b156402f82f2755b45d93a3c9a14fe9c.jpg</path>
	<source>
		<database>roboflow.ai</database>
	</source>
	<size>
		<width>416</width>
		<height>416</height>
		<depth>3</depth>
	</size>
	<segmented>0</segmented>
	<object>
		<name>11</name>
		<pose>Unspecified</pose>
		<truncated>0</truncated>
		<difficult>0</difficult>
		<occluded>0</occluded>
		<bndbox>
			<xmin>3</xmin>
			<xmax>417</xmax>
			<ymin>3</ymin>
			<ymax>399</ymax>
		</bndbox>
	</object>
</annotation>
