<annotation>
	<folder></folder>
	<filename>KakaoTalk_20210713_015140111_03_jpg.rf.8b17eda3cf8d46221df01a2fb44efb1b.jpg</filename>
	<path>KakaoTalk_20210713_015140111_03_jpg.rf.8b17eda3cf8d46221df01a2fb44efb1b.jpg</path>
	<source>
		<database>roboflow.ai</database>
	</source>
	<size>
		<width>416</width>
		<height>416</height>
		<depth>3</depth>
	</size>
	<segmented>0</segmented>
	<object>
		<name>11</name>
		<pose>Unspecified</pose>
		<truncated>0</truncated>
		<difficult>0</difficult>
		<occluded>0</occluded>
		<bndbox>
			<xmin>28</xmin>
			<xmax>416</xmax>
			<ymin>1</ymin>
			<ymax>370</ymax>
		</bndbox>
	</object>
</annotation>
