<annotation>
	<folder></folder>
	<filename>KakaoTalk_20210713_015140111_21_jpg.rf.05127c54e8570fc7117cc21b2c577212.jpg</filename>
	<path>KakaoTalk_20210713_015140111_21_jpg.rf.05127c54e8570fc7117cc21b2c577212.jpg</path>
	<source>
		<database>roboflow.ai</database>
	</source>
	<size>
		<width>416</width>
		<height>416</height>
		<depth>3</depth>
	</size>
	<segmented>0</segmented>
	<object>
		<name>11</name>
		<pose>Unspecified</pose>
		<truncated>0</truncated>
		<difficult>0</difficult>
		<occluded>0</occluded>
		<bndbox>
			<xmin>41</xmin>
			<xmax>314</xmax>
			<ymin>134</ymin>
			<ymax>271</ymax>
		</bndbox>
	</object>
</annotation>
