<annotation>
	<folder></folder>
	<filename>KakaoTalk_20210714_204116374_10_jpg.rf.8ec464eb56f8912c91c90e314b5067f6.jpg</filename>
	<path>KakaoTalk_20210714_204116374_10_jpg.rf.8ec464eb56f8912c91c90e314b5067f6.jpg</path>
	<source>
		<database>roboflow.ai</database>
	</source>
	<size>
		<width>416</width>
		<height>416</height>
		<depth>3</depth>
	</size>
	<segmented>0</segmented>
	<object>
		<name>1</name>
		<pose>Unspecified</pose>
		<truncated>0</truncated>
		<difficult>0</difficult>
		<occluded>0</occluded>
		<bndbox>
			<xmin>1</xmin>
			<xmax>416</xmax>
			<ymin>1</ymin>
			<ymax>401</ymax>
		</bndbox>
	</object>
</annotation>
