<annotation>
	<folder></folder>
	<filename>KakaoTalk_20210714_204116374_09_jpg.rf.302c39624481d0ef463d4c210b4bc9fe.jpg</filename>
	<path>KakaoTalk_20210714_204116374_09_jpg.rf.302c39624481d0ef463d4c210b4bc9fe.jpg</path>
	<source>
		<database>roboflow.ai</database>
	</source>
	<size>
		<width>416</width>
		<height>416</height>
		<depth>3</depth>
	</size>
	<segmented>0</segmented>
	<object>
		<name>1</name>
		<pose>Unspecified</pose>
		<truncated>0</truncated>
		<difficult>0</difficult>
		<occluded>0</occluded>
		<bndbox>
			<xmin>8</xmin>
			<xmax>416</xmax>
			<ymin>96</ymin>
			<ymax>388</ymax>
		</bndbox>
	</object>
</annotation>
