<annotation>
	<folder></folder>
	<filename>KakaoTalk_20210714_204116374_12_jpg.rf.a2e5ed57d775fdc7d62268f65adaa909.jpg</filename>
	<path>KakaoTalk_20210714_204116374_12_jpg.rf.a2e5ed57d775fdc7d62268f65adaa909.jpg</path>
	<source>
		<database>roboflow.ai</database>
	</source>
	<size>
		<width>416</width>
		<height>416</height>
		<depth>3</depth>
	</size>
	<segmented>0</segmented>
	<object>
		<name>1</name>
		<pose>Unspecified</pose>
		<truncated>0</truncated>
		<difficult>0</difficult>
		<occluded>0</occluded>
		<bndbox>
			<xmin>1</xmin>
			<xmax>416</xmax>
			<ymin>47</ymin>
			<ymax>325</ymax>
		</bndbox>
	</object>
</annotation>
