<annotation>
	<folder></folder>
	<filename>KakaoTalk_20210714_204116374_04_jpg.rf.87e606ebfadb5376a8bf4ea71cfe9117.jpg</filename>
	<path>KakaoTalk_20210714_204116374_04_jpg.rf.87e606ebfadb5376a8bf4ea71cfe9117.jpg</path>
	<source>
		<database>roboflow.ai</database>
	</source>
	<size>
		<width>416</width>
		<height>416</height>
		<depth>3</depth>
	</size>
	<segmented>0</segmented>
	<object>
		<name>1</name>
		<pose>Unspecified</pose>
		<truncated>0</truncated>
		<difficult>0</difficult>
		<occluded>0</occluded>
		<bndbox>
			<xmin>1</xmin>
			<xmax>416</xmax>
			<ymin>1</ymin>
			<ymax>414</ymax>
		</bndbox>
	</object>
</annotation>
