<annotation>
	<folder></folder>
	<filename>KakaoTalk_20210714_204116374_jpg.rf.d2ee8d70f5acf4fe80a6b2ce7054ec2d.jpg</filename>
	<path>KakaoTalk_20210714_204116374_jpg.rf.d2ee8d70f5acf4fe80a6b2ce7054ec2d.jpg</path>
	<source>
		<database>roboflow.ai</database>
	</source>
	<size>
		<width>416</width>
		<height>416</height>
		<depth>3</depth>
	</size>
	<segmented>0</segmented>
	<object>
		<name>1</name>
		<pose>Unspecified</pose>
		<truncated>0</truncated>
		<difficult>0</difficult>
		<occluded>0</occluded>
		<bndbox>
			<xmin>3</xmin>
			<xmax>341</xmax>
			<ymin>16</ymin>
			<ymax>364</ymax>
		</bndbox>
	</object>
</annotation>
