<annotation>
	<folder></folder>
	<filename>KakaoTalk_20210714_204116374_07_jpg.rf.f13050d2b7a77d27dff3e3c46f3e1eb2.jpg</filename>
	<path>KakaoTalk_20210714_204116374_07_jpg.rf.f13050d2b7a77d27dff3e3c46f3e1eb2.jpg</path>
	<source>
		<database>roboflow.ai</database>
	</source>
	<size>
		<width>416</width>
		<height>416</height>
		<depth>3</depth>
	</size>
	<segmented>0</segmented>
	<object>
		<name>1</name>
		<pose>Unspecified</pose>
		<truncated>0</truncated>
		<difficult>0</difficult>
		<occluded>0</occluded>
		<bndbox>
			<xmin>3</xmin>
			<xmax>357</xmax>
			<ymin>50</ymin>
			<ymax>344</ymax>
		</bndbox>
	</object>
</annotation>
