<annotation>
	<folder></folder>
	<filename>KakaoTalk_20210714_204116374_16_jpg.rf.2c0bfab6f4ac596f2dff7619e1c790a0.jpg</filename>
	<path>KakaoTalk_20210714_204116374_16_jpg.rf.2c0bfab6f4ac596f2dff7619e1c790a0.jpg</path>
	<source>
		<database>roboflow.ai</database>
	</source>
	<size>
		<width>416</width>
		<height>416</height>
		<depth>3</depth>
	</size>
	<segmented>0</segmented>
	<object>
		<name>1</name>
		<pose>Unspecified</pose>
		<truncated>0</truncated>
		<difficult>0</difficult>
		<occluded>0</occluded>
		<bndbox>
			<xmin>133</xmin>
			<xmax>332</xmax>
			<ymin>120</ymin>
			<ymax>245</ymax>
		</bndbox>
	</object>
</annotation>
