<annotation>
	<folder></folder>
	<filename>KakaoTalk_20210714_204116374_13_jpg.rf.8d60c037441668cf00ee79d23387337c.jpg</filename>
	<path>KakaoTalk_20210714_204116374_13_jpg.rf.8d60c037441668cf00ee79d23387337c.jpg</path>
	<source>
		<database>roboflow.ai</database>
	</source>
	<size>
		<width>416</width>
		<height>416</height>
		<depth>3</depth>
	</size>
	<segmented>0</segmented>
	<object>
		<name>1</name>
		<pose>Unspecified</pose>
		<truncated>0</truncated>
		<difficult>0</difficult>
		<occluded>0</occluded>
		<bndbox>
			<xmin>193</xmin>
			<xmax>417</xmax>
			<ymin>128</ymin>
			<ymax>334</ymax>
		</bndbox>
	</object>
</annotation>
