<annotation>
	<folder></folder>
	<filename>KakaoTalk_20210714_204116374_06_jpg.rf.d46e5d217b715f3aad0787b2c122baeb.jpg</filename>
	<path>KakaoTalk_20210714_204116374_06_jpg.rf.d46e5d217b715f3aad0787b2c122baeb.jpg</path>
	<source>
		<database>roboflow.ai</database>
	</source>
	<size>
		<width>416</width>
		<height>416</height>
		<depth>3</depth>
	</size>
	<segmented>0</segmented>
	<object>
		<name>1</name>
		<pose>Unspecified</pose>
		<truncated>0</truncated>
		<difficult>0</difficult>
		<occluded>0</occluded>
		<bndbox>
			<xmin>47</xmin>
			<xmax>370</xmax>
			<ymin>1</ymin>
			<ymax>310</ymax>
		</bndbox>
	</object>
</annotation>
