<annotation>
	<folder></folder>
	<filename>KakaoTalk_20210714_204116374_11_jpg.rf.eb846b2037b1a5d8b6753ec6445a24bc.jpg</filename>
	<path>KakaoTalk_20210714_204116374_11_jpg.rf.eb846b2037b1a5d8b6753ec6445a24bc.jpg</path>
	<source>
		<database>roboflow.ai</database>
	</source>
	<size>
		<width>416</width>
		<height>416</height>
		<depth>3</depth>
	</size>
	<segmented>0</segmented>
	<object>
		<name>1</name>
		<pose>Unspecified</pose>
		<truncated>0</truncated>
		<difficult>0</difficult>
		<occluded>0</occluded>
		<bndbox>
			<xmin>5</xmin>
			<xmax>416</xmax>
			<ymin>75</ymin>
			<ymax>301</ymax>
		</bndbox>
	</object>
</annotation>
