<annotation>
	<folder></folder>
	<filename>KakaoTalk_20210714_204116374_01_jpg.rf.4054e03bd9b2c1009871c3769e7aee25.jpg</filename>
	<path>KakaoTalk_20210714_204116374_01_jpg.rf.4054e03bd9b2c1009871c3769e7aee25.jpg</path>
	<source>
		<database>roboflow.ai</database>
	</source>
	<size>
		<width>416</width>
		<height>416</height>
		<depth>3</depth>
	</size>
	<segmented>0</segmented>
	<object>
		<name>1</name>
		<pose>Unspecified</pose>
		<truncated>0</truncated>
		<difficult>0</difficult>
		<occluded>0</occluded>
		<bndbox>
			<xmin>4</xmin>
			<xmax>417</xmax>
			<ymin>44</ymin>
			<ymax>397</ymax>
		</bndbox>
	</object>
</annotation>
