<annotation>
	<folder></folder>
	<filename>KakaoTalk_20210714_204116374_05_jpg.rf.71fb520fa533103cbabd6c75cf6d94f6.jpg</filename>
	<path>KakaoTalk_20210714_204116374_05_jpg.rf.71fb520fa533103cbabd6c75cf6d94f6.jpg</path>
	<source>
		<database>roboflow.ai</database>
	</source>
	<size>
		<width>416</width>
		<height>416</height>
		<depth>3</depth>
	</size>
	<segmented>0</segmented>
	<object>
		<name>1</name>
		<pose>Unspecified</pose>
		<truncated>0</truncated>
		<difficult>0</difficult>
		<occluded>0</occluded>
		<bndbox>
			<xmin>86</xmin>
			<xmax>402</xmax>
			<ymin>5</ymin>
			<ymax>405</ymax>
		</bndbox>
	</object>
</annotation>
