<annotation>
	<folder></folder>
	<filename>KakaoTalk_20210714_204116374_14_jpg.rf.2b6738f82c7b722a41af09bec06838f4.jpg</filename>
	<path>KakaoTalk_20210714_204116374_14_jpg.rf.2b6738f82c7b722a41af09bec06838f4.jpg</path>
	<source>
		<database>roboflow.ai</database>
	</source>
	<size>
		<width>416</width>
		<height>416</height>
		<depth>3</depth>
	</size>
	<segmented>0</segmented>
	<object>
		<name>1</name>
		<pose>Unspecified</pose>
		<truncated>0</truncated>
		<difficult>0</difficult>
		<occluded>0</occluded>
		<bndbox>
			<xmin>1</xmin>
			<xmax>382</xmax>
			<ymin>132</ymin>
			<ymax>321</ymax>
		</bndbox>
	</object>
</annotation>
