<annotation>
	<folder></folder>
	<filename>KakaoTalk_20210714_204116374_15_jpg.rf.997922a08da13a949608c9d4b5c0683a.jpg</filename>
	<path>KakaoTalk_20210714_204116374_15_jpg.rf.997922a08da13a949608c9d4b5c0683a.jpg</path>
	<source>
		<database>roboflow.ai</database>
	</source>
	<size>
		<width>416</width>
		<height>416</height>
		<depth>3</depth>
	</size>
	<segmented>0</segmented>
	<object>
		<name>1</name>
		<pose>Unspecified</pose>
		<truncated>0</truncated>
		<difficult>0</difficult>
		<occluded>0</occluded>
		<bndbox>
			<xmin>1</xmin>
			<xmax>292</xmax>
			<ymin>121</ymin>
			<ymax>284</ymax>
		</bndbox>
	</object>
</annotation>
