<annotation>
	<folder></folder>
	<filename>KakaoTalk_20210714_204116374_08_jpg.rf.28d65d555f7a065205b86df3a030884e.jpg</filename>
	<path>KakaoTalk_20210714_204116374_08_jpg.rf.28d65d555f7a065205b86df3a030884e.jpg</path>
	<source>
		<database>roboflow.ai</database>
	</source>
	<size>
		<width>416</width>
		<height>416</height>
		<depth>3</depth>
	</size>
	<segmented>0</segmented>
	<object>
		<name>1</name>
		<pose>Unspecified</pose>
		<truncated>0</truncated>
		<difficult>0</difficult>
		<occluded>0</occluded>
		<bndbox>
			<xmin>56</xmin>
			<xmax>416</xmax>
			<ymin>22</ymin>
			<ymax>299</ymax>
		</bndbox>
	</object>
</annotation>
